PID,ProductCode,ProductName,Barcode,Category,Alias,Description,SalesUnit,ShelfPrice,PurchaseCost,ReorderPoint,AddedDate,InList_AddedSinceApr15,InList_Sold,Source,Transactions,UnitsSold,Revenue,FirstSold,LastSold,DaysSinceLastSale,DuplicateNameGroup,MigrationAction
23181,P-23181,LOTTO IN,24181,LOTTERY,,,UNIT,0.0,0.0,0.0,2026-04-15,Y,Y,both,6490.0,6790.0,115416.3,2026-04-15,2026-09-03,0,,MIGRATE
23183,P-23183,INSTANT,23183,LOTTERY,,,UNIT,0.0,0.0,0.0,2026-04-15,Y,Y,both,2445.0,2983.0,40649.0,2026-04-15,2026-09-03,0,,MIGRATE
22729,P-23729,Laker Ice 6x473ml,620707106586,Beer,LCBO,,UNIT,12.74,1.0,0.0,2026-04-14,,Y,sold only,330.0,339.0,5090.39,2026-04-15,2026-09-02,1,,MIGRATE
22649,P-23649,old milwaukee 6PK,056910401345,Beer,LCBO,,UNIT,12.75,0.0,0.0,2026-04-14,,Y,sold only,178.0,318.0,4773.17,2026-04-15,2026-09-03,0,,MIGRATE
23193,P-23193,Match 20,779186002022,TOBACCO,,,UNIT,9.74,0.0,0.0,2026-04-15,Y,Y,both,340.0,403.0,4436.5,2026-04-15,2026-09-03,0,,MIGRATE
4156,P-5156,GROCERY NO TAX,10001237,GROCERY NO TAX,,,UNIT,0.0,0.0,1.0,2026-04-14,,Y,sold only,466.0,569.0,4034.18,2026-04-15,2026-09-03,0,,MIGRATE
3950,P-4950,Next ORIGINAL KS 20,061900107008,TOBACCO,,,UNIT,12.83,0.0,10.0,2026-04-14,,Y,sold only,245.0,251.0,3582.5,2026-04-15,2026-09-03,0,,MIGRATE
4882,P-5882,PALL MALL  SMOOTH  KS 20,059300024803,GROCERY NO TAX,,,UNIT,14.5,0.0,8.0,2026-04-14,,Y,sold only,221.0,234.0,3342.19,2026-04-15,2026-08-29,5,,MIGRATE
4155,P-5155,GROCERY TAX,10001236,ALL,,,UNIT,0.0,0.0,1.0,2026-04-14,,Y,sold only,525.0,725.0,3306.22,2026-04-15,2026-09-03,0,,MIGRATE
23187,P-23187,Budwieser 6pk 473ml,062067335389,Beer,,,UNIT,17.49,0.0,0.0,2026-04-15,Y,Y,both,152.0,171.0,3262.53,2026-04-15,2026-09-02,1,,MIGRATE
3919,P-4919,Belmont  20 ks,061900000132,TOBACCO,,,UNIT,16.37,0.0,10.0,2026-04-14,,Y,sold only,177.0,179.0,3259.0,2026-04-16,2026-09-03,0,,MIGRATE
3943,P-4943,Next original KS 25,061900107053,TOBACCO,,,UNIT,15.93,0.0,10.0,2026-04-14,,Y,sold only,147.0,162.0,2842.92,2026-04-16,2026-09-03,0,,MIGRATE
23221,P-23221,molson 6 pack,056327007949,Beer,,,UNIT,17.79,0.0,0.0,2026-04-15,Y,Y,both,138.0,144.0,2832.66,2026-04-16,2026-09-03,0,,MIGRATE
21175,P-22175,match chic  king size,779186000998,TOBACCO,kretek international,,UNIT,12.17,9.11,0.0,2026-04-14,,Y,sold only,86.0,196.0,2695.32,2026-04-15,2026-09-03,0,,MIGRATE
21174,P-22174,match king size,779186000936,TOBACCO,kretek international,,UNIT,12.17,0.0,0.0,2026-04-14,,Y,sold only,121.0,189.0,2598.79,2026-04-18,2026-09-03,0,,MIGRATE
23354,P-23354,Belmont Select 25 K Carton,061900038135,TOBACCO,BELMONT,,UNIT,153.1,0.0,0.0,2026-04-18,Y,Y,both,15.0,15.0,2595.0,2026-04-25,2026-08-28,6,,MIGRATE
2834,P-3834,maximum ice  473 ml,062067333538,Beer,,,UNIT,2.99,0.0,0.0,2026-04-14,,Y,sold only,350.0,739.0,2583.96,2026-04-15,2026-09-03,0,,MIGRATE
23190,P-23190,Match Chic 20,779186002053,TOBACCO,,,UNIT,9.74,0.0,0.0,2026-04-15,Y,Y,both,183.0,199.0,2190.87,2026-04-15,2026-09-01,2,,MIGRATE
23347,P-23347,ALCOHOL,24347,ALCOHOL,,,UNIT,0.0,0.0,0.0,2026-04-17,Y,Y,both,149.0,369.0,2116.93,2026-04-17,2026-09-03,0,,MIGRATE
4062,P-5062,PALLMALL SMOOTH KS25,059300024810,GROCERY NO TAX,,,UNIT,18.0,11.78,10.0,2026-04-14,,Y,sold only,111.0,120.0,2104.02,2026-04-15,2026-09-03,0,,MIGRATE
14799,P-15799,CASH BACK,210780,Cashback,,,UNIT,0.0,0.0,0.0,2026-04-14,,Y,sold only,25.0,25.0,2063.0,2026-04-19,2026-07-07,58,DUP-01,MIGRATE
23236,P-23236,Next Xtra Tobacco,061900106919,TOBACCO,,,UNIT,31.0,0.0,0.0,2026-04-15,Y,Y,both,44.0,58.0,2031.74,2026-04-18,2026-08-26,8,,MIGRATE
3918,P-4918,Belmont  KS 25,061900101136,TOBACCO,,,UNIT,20.35,0.0,10.0,2026-04-14,,Y,sold only,80.0,88.0,1972.97,2026-04-15,2026-09-03,0,,MIGRATE
23353,P-23353,Benson and Hedges Carton,061900200785,TOBACCO,Benson and Hedges,,UNIT,159.3,0.0,0.0,2026-04-18,Y,Y,both,6.0,11.0,1965.08,2026-04-26,2026-08-23,11,,MIGRATE
23191,P-23191,Mikes Hard Lemonade 473,062067421600,Beer,,,UNIT,3.49,0.0,0.0,2026-04-15,Y,Y,both,257.0,474.0,1907.22,2026-04-15,2026-08-28,6,,MIGRATE
2838,P-3838,laker ice black 473 ml,070310001707,DRINKS,,,UNIT,2.49,0.0,0.0,2026-04-14,,Y,sold only,347.0,645.0,1882.28,2026-04-15,2026-09-02,1,,MIGRATE
23343,P-23343,PHOTO,24343,GENERAL ITEMS,,,UNIT,14.99,0.0,0.0,2026-04-17,Y,Y,both,84.0,107.0,1812.56,2026-04-20,2026-09-02,1,,MIGRATE
23226,P-23226,Old Milwaukee 6 pack,056910402540,Beer,,,UNIT,12.75,0.0,0.0,2026-04-15,Y,Y,both,111.0,114.0,1711.14,2026-04-17,2026-09-01,2,,MIGRATE
360,P-1360,Next Extra KS 25 carton,061900007049,TOBACCO,TOBACCO,,UNIT,123.89,0.0,5.0,2026-04-14,,Y,sold only,12.0,12.0,1645.0,2026-04-24,2026-07-14,51,,MIGRATE
23336,P-23336,TOBACCO ACCESSORIES,24336,TOBACCO Accessories,,,UNIT,0.0,0.0,0.0,2026-04-17,Y,Y,both,33.0,37.0,1631.04,2026-04-19,2026-08-29,5,,MIGRATE
23213,P-23213,Heineken 6pk,072890004758,Beer,,,UNIT,20.79,0.0,0.0,2026-04-15,Y,Y,both,62.0,66.0,1542.03,2026-04-24,2026-09-03,0,,MIGRATE
3944,P-4944,Next original RG 25,061900107138,TOBACCO,,,UNIT,15.93,0.0,10.0,2026-04-14,,Y,sold only,84.0,87.0,1517.0,2026-04-15,2026-09-01,2,,MIGRATE
3972,P-4972,Du Maurier Distinct 25 Ks,059300006137,TOBACCO,,,UNIT,20.35,0.0,10.0,2026-04-14,,Y,sold only,59.0,67.0,1478.0,2026-04-16,2026-09-02,1,,MIGRATE
4883,P-5883,PALL MALL  SMOOTH  RG 20,059300024780,GROCERY NO TAX,,,UNIT,14.5,0.0,8.0,2026-04-14,,Y,sold only,95.0,98.0,1402.4,2026-04-17,2026-09-03,0,,MIGRATE
23209,P-23209,Molson Cold shot,056327014145,Beer,,,UNIT,5.49,0.0,0.0,2026-04-15,Y,Y,both,152.0,219.0,1400.31,2026-04-18,2026-09-03,0,,MIGRATE
2836,P-3836,coors   473 ml,056327183933,DRINKS,,,UNIT,2.99,0.0,0.0,2026-04-14,,Y,sold only,143.0,382.0,1330.02,2026-05-06,2026-09-03,0,,MIGRATE
23326,P-23326,Stella Artois 6 x 473ml,062067382161,ALCOHOL,Stella,,UNIT,20.89,0.0,0.0,2026-04-16,Y,Y,both,53.0,54.0,1270.78,2026-04-19,2026-09-03,0,,MIGRATE
1962,P-2962,power up,804906005028,LOTTERY,Olg,,UNIT,5.0,0.0,0.0,2026-04-14,,Y,sold only,124.0,243.0,1215.0,2026-04-15,2026-08-30,4,,MIGRATE
23202,P-23202,Arizona Hard 473,056327014930,Beer,,,UNIT,3.39,0.0,0.0,2026-04-15,Y,Y,both,143.0,300.0,1185.78,2026-04-18,2026-08-28,6,,MIGRATE
17385,P-18385,DRUM ORIGINAL VAPE & CIGARATTE TOBACCO 50G,061900060228,TOBACCO,,,UNIT,39.0,0.0,0.0,2026-04-14,,Y,sold only,21.0,26.0,1129.17,2026-06-03,2026-08-28,6,,MIGRATE
23285,P-23285,Pabst Blue Ribbon 6 pk,056910414734,Beer,,,UNIT,14.91,0.0,0.0,2026-04-16,Y,Y,both,52.0,66.0,1122.42,2026-05-01,2026-09-03,0,,MIGRATE
23211,P-23211,Corona Extra,062067382345,Beer,,,UNIT,22.49,0.0,0.0,2026-04-15,Y,Y,both,35.0,40.0,961.42,2026-04-19,2026-09-02,1,,MIGRATE
23346,P-23346,Corona Extra 6 x 330 ml,062067382413,ALCOHOL,Corona Extra,,UNIT,16.99,0.0,0.0,2026-04-17,Y,Y,both,49.0,50.0,960.0,2026-04-25,2026-08-29,5,,MIGRATE
4050,P-5050,EXPORT A FINE RG 25,060100009389,TOBACCO,,,UNIT,19.03,0.0,10.0,2026-04-14,,Y,sold only,19.0,44.0,946.16,2026-04-21,2026-09-01,2,,MIGRATE
23220,P-23220,Heineken Bottle 330ml,072890000224,Beer,,,UNIT,3.01,0.0,0.0,2026-04-15,Y,Y,both,58.0,269.0,934.83,2026-04-16,2026-07-04,61,,MIGRATE
1963,P-2963,cash in 10,804906010039,LOTTERY,Olg,,UNIT,10.0,0.0,0.0,2026-04-14,,Y,sold only,65.0,93.0,930.0,2026-04-15,2026-08-30,4,,MIGRATE
23222,P-23222,Bud light 6 Pack,062067567384,Beer,,,UNIT,17.79,0.0,0.0,2026-04-15,Y,Y,both,35.0,48.0,928.71,2026-04-16,2026-08-31,3,,MIGRATE
16365,P-17365,Laker red,620707101970,DRINKS,Laker red,,UNIT,2.49,0.0,0.0,2026-04-14,,Y,sold only,97.0,314.0,916.55,2026-04-15,2026-09-02,1,,MIGRATE
22664,P-23664,molson dry 710 ml,056327703414,Beer,LCBO,,UNIT,3.49,2.69,0.0,2026-04-14,,Y,sold only,155.0,217.0,883.88,2026-05-07,2026-09-03,0,,MIGRATE
4952,P-5952,RED BULL 250 original,180854000101,DRINKS,,,UNIT,3.55,0.0,2.0,2026-04-14,,Y,sold only,187.0,215.0,857.79,2026-04-15,2026-09-03,0,,MIGRATE
23337,P-23337,MISCELLANEOUS,24337,GENERAL ITEMS,,,UNIT,0.0,0.0,0.0,2026-04-17,Y,Y,both,123.0,153.0,831.15,2026-04-17,2026-09-03,0,,MIGRATE
3982,P-4982,Vogue,059300063345,TOBACCO,,,UNIT,18.58,0.0,10.0,2026-04-14,,Y,sold only,13.0,38.0,797.84,2026-04-17,2026-07-23,42,,MIGRATE
4037,P-5037,MARLBORO SMOOTH,059300063635,TOBACCO,,,UNIT,13.72,0.0,10.0,2026-04-14,,Y,sold only,48.0,49.0,759.15,2026-04-23,2026-09-03,0,,MIGRATE
22472,P-23472,White Claw Blackberry 473ML,848819000985,R.T.D.,LCBO,,UNIT,3.49,3.15,0.0,2026-04-14,,Y,sold only,93.0,188.0,752.14,2026-04-22,2026-09-02,1,,MIGRATE
23185,P-23185,KEY CUT,24185,OTHER,,,UNIT,4.0,0.0,0.0,2026-04-15,Y,Y,both,99.0,158.0,737.89,2026-04-15,2026-08-31,3,,MIGRATE
23233,P-23233,Labatt Blue 6 pack,062067380624,Beer,,,UNIT,14.9,0.0,0.0,2026-04-15,Y,Y,both,45.0,45.0,737.31,2026-04-16,2026-08-28,6,,MIGRATE
23382,P-23382,Lowenbrau 6tc,062067423246,Beer,,,UNIT,14.9,0.0,0.0,2026-05-18,Y,Y,both,41.0,43.0,725.62,2026-05-18,2026-09-03,0,,MIGRATE
1952,P-2952,cross word 10$,804906010084,LOTTERY,Olg,,UNIT,10.0,0.0,0.0,2026-04-14,,Y,sold only,66.0,72.0,720.0,2026-04-17,2026-08-16,18,,MIGRATE
3967,P-4967,Du Maurier Signature 25 Rg,05936631,TOBACCO,,,UNIT,20.35,0.0,10.0,2026-04-14,,Y,sold only,30.0,32.0,711.99,2026-04-16,2026-09-03,0,,MIGRATE
3968,P-4968,Du Maurier Signature 25 k,059300002870,TOBACCO,,,UNIT,20.35,0.0,10.0,2026-04-14,,Y,sold only,31.0,31.0,683.0,2026-04-26,2026-08-21,13,,MIGRATE
355,P-1355,Next Original KS 25 carton,061900007056,TOBACCO,TOBACCO,,UNIT,123.89,0.0,10.0,2026-04-14,,Y,sold only,5.0,5.0,675.0,2026-04-18,2026-06-26,69,,MIGRATE
1951,P-2951,bingo 10$,804906010077,LOTTERY,Olg,,UNIT,10.0,0.0,0.0,2026-04-14,,Y,sold only,54.0,67.0,670.0,2026-04-16,2026-08-30,4,,MIGRATE
1960,P-2960,big spin 5,804906005059,LOTTERY,Olg,,UNIT,5.0,0.0,0.0,2026-04-14,,Y,sold only,85.0,133.0,665.0,2026-04-16,2026-08-23,11,,MIGRATE
3916,P-4916,Belmont select KS,061900138132,TOBACCO,,,UNIT,20.35,0.0,10.0,2026-04-14,,Y,sold only,17.0,28.0,629.96,2026-04-30,2026-09-03,0,,MIGRATE
3948,P-4948,Next Xtra KS 25,061900107046,TOBACCO,,,UNIT,15.93,0.0,10.0,2026-04-14,,Y,sold only,36.0,36.0,620.0,2026-04-17,2026-08-28,6,,MIGRATE
456,P-1456,Matinee Subtle KS 20,059300010561,TOBACCO,TOBACCO,,UNIT,18.58,0.0,10.0,2026-04-14,,Y,sold only,17.0,29.0,608.7,2026-04-27,2026-07-17,48,,MIGRATE
3914,P-4914,belmont select 20k,061900138125,TOBACCO,,,UNIT,16.37,0.0,10.0,2026-04-14,,Y,sold only,29.0,32.0,581.0,2026-04-24,2026-08-24,10,,MIGRATE
353,P-1353,Next Original KS 20 carton,061900007001,TOBACCO,TOBACCO,,UNIT,119.46,0.0,2.0,2026-04-14,,Y,sold only,5.0,5.0,578.99,2026-05-16,2026-08-12,22,,MIGRATE
1949,P-2949,Roulette $3,804906003055,LOTTERY,Olg,,UNIT,3.0,0.0,0.0,2026-04-14,,Y,sold only,111.0,191.0,573.0,2026-04-16,2026-08-30,4,,MIGRATE
23375,P-23375,Drum Premier 50g,061900060235,TOBACCO,Drum,,UNIT,39.0,0.0,0.0,2026-05-03,Y,Y,both,12.0,13.0,572.91,2026-05-12,2026-08-20,14,,MIGRATE
1948,P-2948,Crossword $3,804906003024,LOTTERY,Olg,,UNIT,3.0,0.0,0.0,2026-04-14,,Y,sold only,101.0,190.0,570.0,2026-04-16,2026-08-30,4,,MIGRATE
2837,P-3837,corona   473 ml,062067382338,Beer,,,UNIT,3.99,0.0,0.0,2026-04-14,,Y,sold only,74.0,124.0,567.64,2026-04-16,2026-08-31,3,,MIGRATE
19438,P-20438,649 $7.00,2280550007003,LOTTERY,,LOTTO 649,UNIT,7.0,0.0,1.0,2026-04-14,,Y,sold only,80.0,80.0,560.0,2026-04-17,2026-07-27,38,,MIGRATE
3979,P-4979,Du Maurier signature 20 Rg,05933139,TOBACCO,,,UNIT,16.37,0.0,10.0,2026-04-14,,Y,sold only,23.0,31.0,558.5,2026-04-27,2026-08-28,6,,MIGRATE
1959,P-2959,crossword trilpler 5,804906005035,LOTTERY,Olg,,UNIT,5.0,0.0,0.0,2026-04-14,,Y,sold only,95.0,111.0,555.0,2026-04-16,2026-08-30,4,,MIGRATE
2846,P-3846,budweiser,062067335358,Beer,,,UNIT,2.99,0.0,0.0,2026-04-14,,Y,sold only,77.0,150.0,522.56,2026-04-15,2026-08-28,6,,MIGRATE
23205,P-23205,Black fly vodka cranberry 4*400,883043000028,Beer,,,UNIT,11.99,0.0,0.0,2026-04-15,Y,Y,both,35.0,39.0,518.85,2026-05-03,2026-09-02,1,,MIGRATE
3920,P-4920,Belmont  20 RG,061900101143,TOBACCO,,,UNIT,16.37,0.0,10.0,2026-04-14,,Y,sold only,28.0,28.0,510.41,2026-04-26,2026-08-26,8,,MIGRATE
23215,P-23215,Lawenbrau 473,062067860539,Beer,,,UNIT,2.49,0.0,0.0,2026-04-15,Y,Y,both,81.0,175.0,509.51,2026-04-17,2026-09-03,0,,MIGRATE
2841,P-3841,old milwaukee  blue 473 ml,056910402502,Beer,,,UNIT,2.49,0.0,0.0,2026-04-14,,Y,sold only,88.0,174.0,507.46,2026-04-17,2026-08-31,3,,MIGRATE
23219,P-23219,Heineken 500ml,072890000026,Beer,,,UNIT,3.49,0.0,0.0,2026-04-15,Y,Y,both,72.0,118.0,493.39,2026-04-18,2026-09-02,1,,MIGRATE
3951,P-4951,Next XTRA KS 20,061900107022,TOBACCO,,,UNIT,12.83,0.0,10.0,2026-04-14,,Y,sold only,33.0,34.0,485.5,2026-04-24,2026-08-29,5,,MIGRATE
5644,P-6644,sealtest 2%,064420000798,DAIRY PRODUCTS,,,UNIT,3.99,0.0,2.0,2026-04-14,,Y,sold only,103.0,122.0,483.42,2026-04-18,2026-09-03,0,,MIGRATE
2472,P-3472,Super $20,804906020014,LOTTERY,,,UNIT,20.0,0.0,0.0,2026-04-14,,Y,sold only,22.0,24.0,480.0,2026-04-17,2026-08-23,11,,MIGRATE
3980,P-4980,Du Maurier signature 20 ks,059300002818,TOBACCO,,,UNIT,16.37,0.0,10.0,2026-04-14,,Y,sold only,26.0,26.0,469.5,2026-04-21,2026-08-26,8,,MIGRATE
4084,P-5084,Coffee Cream 1L,064420002389,DAIRY PRODUCTS,Sealtest,,UNIT,4.99,0.0,3.0,2026-04-14,,Y,sold only,81.0,93.0,464.07,2026-04-18,2026-09-02,1,,MIGRATE
4874,P-5874,PALL MALL SMOOTH KS RG,059300054879,GROCERY NO TAX,,,UNIT,18.0,11.78,8.0,2026-04-14,,Y,sold only,20.0,26.0,462.52,2026-04-22,2026-08-06,28,,MIGRATE
23503,P-23503,Coors 6 pack,056327007956,Beer,COORS LIGHT,,UNIT,18.6,0.0,0.0,2026-07-01,Y,Y,both,21.0,22.0,462.44,2026-07-04,2026-08-28,6,,MIGRATE
2835,P-3835,stella  473 ml,062067382178,DRINKS,,,UNIT,3.49,0.0,0.0,2026-04-14,,Y,sold only,42.0,112.0,441.6,2026-04-20,2026-08-29,5,,MIGRATE
23372,P-23372,Busch Bullet,062067423529,Beer,,,UNIT,5.49,0.0,0.0,2026-04-29,Y,Y,both,48.0,69.0,438.78,2026-05-01,2026-08-22,12,,MIGRATE
1957,P-2957,bingo doubler 5,804906005042,LOTTERY,Olg,,UNIT,5.0,0.0,0.0,2026-04-14,,Y,sold only,56.0,87.0,435.0,2026-04-17,2026-08-30,4,,MIGRATE
23199,P-23199,Cottage spring pink lemonade 473,051497458348,Beer,,,UNIT,3.59,0.0,0.0,2026-04-15,Y,Y,both,76.0,105.0,428.85,2026-04-19,2026-08-29,5,,MIGRATE
2829,P-3829,blue 473 ml,062067351358,Beer,,,UNIT,2.49,0.0,0.0,2026-04-14,,Y,sold only,84.0,144.0,419.87,2026-04-18,2026-08-31,3,,MIGRATE
23321,P-23321,jackson-Triggs Pinot Grigio,063657011836,Wine,,,UNIT,13.1,0.0,0.0,2026-04-16,Y,Y,both,28.0,28.0,415.8,2026-04-20,2026-08-29,5,,MIGRATE
23141,P-24141,REV PET VODKA BEV 437ML,620213250124,Beer,REV PET,,UNIT,2.99,2.23,0.0,2026-04-14,,Y,sold only,93.0,119.0,414.33,2026-06-05,2026-09-03,0,,MIGRATE
953,P-1953,KING SIZE RAW PAPER,716165280972,TOBACCO,,,UNIT,3.1,0.0,0.0,2026-04-14,,Y,sold only,105.0,114.0,399.08,2026-04-16,2026-09-03,0,,MIGRATE
22398,P-23398,Moosehead 6*473ML,776029703092,Beer,LCBO,,UNIT,17.89,15.35,0.0,2026-04-14,,Y,sold only,19.0,20.0,398.48,2026-04-19,2026-08-24,10,,MIGRATE
16442,P-17442,Pabst,056910406418,DELI,pabst rib,,UNIT,2.49,0.0,0.0,2026-04-14,,Y,sold only,83.0,136.0,396.05,2026-05-18,2026-09-03,0,,MIGRATE
19309,P-20309,649/POK/.MEGA.LIG/.GRAND,2280550004002,LOTTERY,,OLG,UNIT,4.0,0.0,1.0,2026-04-14,,Y,sold only,90.0,99.0,396.0,2026-04-17,2026-07-23,42,,MIGRATE
22524,P-23524,White Claw Mango 473ML,848819000015,Beer,LCBO,,UNIT,3.49,3.39,0.0,2026-04-14,,Y,sold only,48.0,98.0,395.13,2026-05-01,2026-09-01,2,,MIGRATE
458,P-1458,Pall Mall bold,059300027781,GROCERY NO TAX,TOBACCO,,UNIT,14.5,0.0,10.0,2026-04-14,,Y,sold only,25.0,27.0,394.8,2026-04-17,2026-09-03,0,,MIGRATE
23214,P-23214,Faxe Amber 473,5741000500057,Beer,,,UNIT,2.49,0.0,0.0,2026-04-15,Y,Y,both,26.0,128.0,384.79,2026-04-19,2026-07-01,64,,MIGRATE
9576,P-10576,DRINKS 2l,069000002612,DRINKS,,,UNIT,3.99,0.0,0.0,2026-04-14,,Y,sold only,78.0,82.0,369.82,2026-04-18,2026-09-03,0,,MIGRATE
2830,P-3830,molson 473 ml,056327073937,Beer,,,UNIT,2.99,0.0,0.0,2026-04-14,,Y,sold only,54.0,106.0,369.47,2026-04-22,2026-09-02,1,,MIGRATE
2514,P-3514,30 crossword,804906030020,LOTTERY,,,UNIT,30.0,0.0,0.0,2026-04-14,,Y,sold only,12.0,12.0,360.0,2026-04-24,2026-07-24,41,,MIGRATE
3959,P-4959,sail classic,061900074003,TOBACCO,,,UNIT,13.72,0.0,10.0,2026-04-14,,Y,sold only,16.0,23.0,356.54,2026-04-24,2026-08-10,24,,MIGRATE
23069,P-24069,SMIRNOFF ICE ORIGINAL 473ML,082000773900,Beer,smirnoff,,UNIT,3.19,2.38,0.0,2026-04-14,,Y,sold only,49.0,94.0,354.36,2026-05-05,2026-09-03,0,,MIGRATE
23335,P-23335,PRINT OUT,24335,GENERAL NO TAX,,,UNIT,0.0,0.0,0.0,2026-04-17,Y,Y,both,81.0,149.0,350.5,2026-04-19,2026-09-02,1,,MIGRATE
23216,P-23216,CASH BACK,24216,Cashback,,,UNIT,0.0,0.0,0.0,2026-04-15,Y,Y,both,2.0,2.0,343.0,2026-04-15,2026-04-15,141,DUP-01,REVIEW - no sale in 90+ days
3977,P-4977,Du Maurier Distinct 20 Ks,059300006120,TOBACCO,,,UNIT,16.37,0.0,10.0,2026-04-14,,Y,sold only,19.0,19.0,342.5,2026-05-12,2026-08-24,10,,MIGRATE
3973,P-4973,Du Maurier Smooth 25 Ks,059300000951,TOBACCO,,,UNIT,20.35,0.0,10.0,2026-04-14,,Y,sold only,15.0,15.0,330.0,2026-05-08,2026-08-15,19,,MIGRATE
23154,P-24154,BLACK FLY TEQUILA SUNRISE 473ML,883043002336,R.T.D.,BLACK FLY 473ML,,UNIT,3.49,2.54,0.0,2026-04-14,,Y,sold only,72.0,81.0,326.92,2026-06-05,2026-09-03,0,,MIGRATE
5162,P-6162,COKE 2L,06742708,DRINKS,,,UNIT,3.99,0.0,2.0,2026-04-14,,Y,sold only,63.0,70.0,315.7,2026-04-16,2026-09-02,1,,MIGRATE
4592,P-5592,NAYA 1.5L,057379121058,WATER,,,UNIT,3.0,0.56,1.0,2026-04-14,,Y,sold only,100.0,105.0,315.0,2026-04-17,2026-09-01,2,,MIGRATE
23235,P-23235,Backwoods port 5 Pack,071610122741,TOBACCO,,,UNIT,13.27,0.0,0.0,2026-04-15,Y,Y,both,13.0,21.0,314.96,2026-04-18,2026-08-13,21,,MIGRATE
22628,P-23628,White claw lime 473ml,848819000022,R.T.D.,LCBO,,UNIT,3.49,3.0,0.0,2026-04-14,,Y,sold only,40.0,76.0,307.01,2026-05-31,2026-09-03,0,,MIGRATE
22765,P-23765,Molson Cold Shots Max,056327024762,Beer,LCBO,,UNIT,2.99,0.0,0.0,2026-04-14,,Y,sold only,53.0,88.0,306.88,2026-04-16,2026-08-31,3,,MIGRATE
23212,P-23212,Sapporo 6 pk,056910605064,Beer,,,UNIT,22.29,0.0,0.0,2026-04-15,Y,Y,both,14.0,14.0,295.28,2026-04-20,2026-08-20,14,,MIGRATE
19308,P-20308,POKER LIGHT/LOTTO MAX,2280550006006,LOTTERY,,OLG,UNIT,6.0,0.0,1.0,2026-04-14,,Y,sold only,48.0,49.0,294.0,2026-04-17,2026-07-27,38,,MIGRATE
4767,P-5767,KINDER BUENO,062020000682,"CANDY,GUMS & CHOCOLATES",,,UNIT,2.99,0.0,5.0,2026-04-14,,Y,sold only,71.0,87.0,293.5,2026-04-16,2026-09-03,0,,MIGRATE
3976,P-4976,Du Maurier Smooth 20 Ks,059300000203,TOBACCO,,,UNIT,15.93,0.0,10.0,2026-04-14,,Y,sold only,15.0,16.0,288.0,2026-04-17,2026-07-28,37,,MIGRATE
3934,P-4934,Philip Morris special 20 ks,061900107206,TOBACCO,,,UNIT,12.83,0.0,10.0,2026-04-14,,Y,sold only,17.0,20.0,286.99,2026-04-28,2026-08-24,10,,MIGRATE
19479,P-20479,LOTTO 649 $13,2280550013004,LOTTERY,,OLG,UNIT,13.0,0.0,1.0,2026-04-14,,Y,sold only,20.0,22.0,286.0,2026-04-17,2026-06-19,76,,MIGRATE
23371,P-23371,DHL,24371,GENERAL NO TAX,,,UNIT,0.0,0.0,0.0,2026-04-28,Y,Y,both,1.0,1.0,283.16,2026-04-28,2026-04-28,128,,REVIEW - no sale in 90+ days
23322,P-23322,BASK 750,063657042052,Wine,,,UNIT,13.68,0.0,0.0,2026-04-16,Y,Y,both,17.0,18.0,281.88,2026-04-17,2026-06-26,69,,MIGRATE
16507,P-17507,carling,056327004146,Beer,carling,,UNIT,2.49,0.0,0.0,2026-04-14,,Y,sold only,32.0,96.0,281.05,2026-05-13,2026-08-31,3,,MIGRATE
4063,P-5063,Belmont RG25,061900101150,TOBACCO,,,UNIT,20.35,0.0,10.0,2026-04-14,,Y,sold only,12.0,12.0,273.0,2026-04-30,2026-08-17,17,,MIGRATE
17555,P-18555,ICEMAN ICE,694208000278,ICE,,,UNIT,3.99,0.0,0.0,2026-04-14,,Y,sold only,43.0,59.0,266.08,2026-04-20,2026-08-28,6,,MIGRATE
4914,P-5914,RED BULL 473 UNI,180854000774,DRINKS,,,UNIT,5.75,0.0,10.0,2026-04-14,,Y,sold only,38.0,42.0,264.58,2026-04-20,2026-07-28,37,,MIGRATE
4916,P-5916,RED BULL 355 UNI,180854000507,DRINKS,,,UNIT,3.75,0.0,10.0,2026-04-14,,Y,sold only,56.0,62.0,262.87,2026-06-12,2026-09-03,0,,MIGRATE
19315,P-20315,LOTTO MAX$10,2280550010003,LOTTERY,,OLG,UNIT,10.0,0.0,1.0,2026-04-14,,Y,sold only,21.0,26.0,260.0,2026-04-17,2026-06-30,65,,MIGRATE
2974,P-3974,03306000,070330600065,LIGHTER,,,UNIT,2.5,0.0,10.0,2026-04-14,,Y,sold only,82.0,92.0,259.54,2026-04-15,2026-09-02,1,,MIGRATE
3361,P-4361,Lsta mint chill,814724020141,HEALTH & BEAUTY,,,UNIT,2.21,0.0,2.0,2026-04-14,,Y,sold only,19.0,103.0,257.21,2026-04-15,2026-08-28,6,,MIGRATE
23334,P-23334,CIGARS,24334,TOBACCO,,,UNIT,0.0,0.0,0.0,2026-04-17,Y,Y,both,67.0,85.0,254.83,2026-04-17,2026-09-02,1,,MIGRATE
4056,P-5056,LD STANDARD BOLD,060100038631,TOBACCO,,,UNIT,14.82,0.0,10.0,2026-04-14,,Y,sold only,7.0,15.0,251.21,2026-04-19,2026-08-04,30,,MIGRATE
3917,P-4917,Belmont select RG 25,061900138156,TOBACCO,,,UNIT,20.35,0.0,10.0,2026-04-14,,Y,sold only,11.0,11.0,251.0,2026-05-03,2026-09-02,1,,MIGRATE
23423,P-23423,Crown royal whisky cola,082000796855,R.T.D.,,,UNIT,3.49,0.0,0.0,2026-06-04,Y,Y,both,52.0,62.0,250.29,2026-06-05,2026-09-03,0,,MIGRATE
23320,P-23320,Jackson triggs 750,063657005347,Wine,,,UNIT,13.1,0.0,0.0,2026-04-16,Y,Y,both,16.0,17.0,249.41,2026-05-05,2026-07-10,55,,MIGRATE
19545,P-20545,LOTTO 649 $19,2280550019006,LOTTERY,,OLG,UNIT,19.0,0.0,1.0,2026-04-14,,Y,sold only,13.0,13.0,247.0,2026-04-17,2026-07-20,45,,MIGRATE
4876,P-5876,PALL MALL FULL KS 20,059300024766,GROCERY NO TAX,,,UNIT,14.5,0.0,8.0,2026-04-14,,Y,sold only,16.0,17.0,242.0,2026-04-17,2026-09-02,1,,MIGRATE
1956,P-2956,big money pay day 30,804906030013,LOTTERY,Olg,,UNIT,30.0,0.0,0.0,2026-04-14,,Y,sold only,7.0,8.0,240.0,2026-04-17,2026-08-29,5,,MIGRATE
1961,P-2961,cash for life,804906004014,LOTTERY,Olg,,UNIT,4.0,0.0,0.0,2026-04-14,,Y,sold only,47.0,60.0,240.0,2026-04-17,2026-08-23,11,,MIGRATE
19357,P-20357,$5 ONTARIO,2280550005009,LOTTERY,,ONTARIO 49,UNIT,5.0,0.0,1.0,2026-04-14,,Y,sold only,43.0,48.0,240.0,2026-04-17,2026-07-27,38,,MIGRATE
1958,P-2958,plinko 5,804906005066,LOTTERY,Olg,,UNIT,5.0,0.0,0.0,2026-04-14,,Y,sold only,25.0,47.0,235.0,2026-04-18,2026-08-23,11,,MIGRATE
23300,P-23300,Kirkland Tissue,096619960095,GROCERY,,,UNIT,8.99,0.0,0.0,2026-04-16,Y,Y,both,22.0,23.0,233.68,2026-04-30,2026-09-03,0,,MIGRATE
4038,P-5038,MARLBORO 20,059300061693,TOBACCO,,,UNIT,13.72,0.0,10.0,2026-04-14,,Y,sold only,15.0,15.0,232.5,2026-04-15,2026-08-21,13,,MIGRATE
23314,P-23314,Water kirkland,096619321841,WATER,,,UNIT,1.0,0.0,0.0,2026-04-16,Y,Y,both,180.0,231.0,231.0,2026-04-16,2026-09-03,0,,MIGRATE
23416,P-23416,Bodacious smooth red,063657047408,Wine,,,UNIT,12.48,0.0,0.0,2026-05-31,Y,Y,both,14.0,16.0,228.8,2026-06-06,2026-08-08,26,DUP-02,MIGRATE
23494,P-23494,white claw passion fruit,848819000947,Beer,,,UNIT,3.79,3.79,0.0,2026-06-21,Y,Y,both,37.0,52.0,227.87,2026-06-27,2026-09-02,1,,MIGRATE
23428,P-23428,Carling lager,056327016224,Beer,,,UNIT,14.89,0.0,0.0,2026-06-08,Y,Y,both,12.0,13.0,224.62,2026-06-11,2026-08-18,16,,MIGRATE
23358,P-23358,Match Chic 20 K,779186002060,TOBACCO,Match,,UNIT,95.58,0.0,0.0,2026-04-18,Y,Y,both,2.0,2.0,216.02,2026-04-20,2026-05-04,122,,REVIEW - no sale in 90+ days
3978,P-4978,Du Maurier Distinct 20 Rg,05933032,TOBACCO,,,UNIT,15.93,0.0,10.0,2026-04-14,,Y,sold only,9.0,12.0,216.0,2026-05-21,2026-07-21,44,,MIGRATE
19310,P-20310,649/OKER,2280550003005,LOTTERY,,OLG,UNIT,3.0,0.0,1.0,2026-04-14,,Y,sold only,69.0,72.0,216.0,2026-04-17,2026-07-27,38,,MIGRATE
8208,P-9208,ARIZONA WATERMELON 680UNI,613008766856,DRINKS,,,UNIT,2.66,0.0,2.0,2026-04-14,,Y,sold only,60.0,75.0,215.73,2026-04-15,2026-09-03,0,,MIGRATE
2831,P-3831,moose head  473 ml,776029701548,Beer,,,UNIT,2.99,0.0,0.0,2026-04-14,,Y,sold only,42.0,61.0,212.68,2026-04-19,2026-09-01,2,,MIGRATE
4867,P-5867,PALL MALL FULLM KS,059300024773,GROCERY NO TAX,,,UNIT,18.0,0.0,8.0,2026-04-14,,Y,sold only,10.0,12.0,212.51,2026-04-19,2026-08-06,28,,MIGRATE
2116,P-3116,bic small,07033245,HEALTH & BEAUTY,,,UNIT,1.99,0.0,0.0,2026-04-14,,Y,sold only,89.0,92.0,207.0,2026-04-17,2026-08-30,4,,MIGRATE
2845,P-3845,bud light 473ml,062067567353,Beer,,,UNIT,2.99,0.0,0.0,2026-04-14,,Y,sold only,34.0,59.0,205.86,2026-04-17,2026-08-27,7,,MIGRATE
22680,P-23680,james ready 6 473 ml,776029703085,Beer,LCBO,,UNIT,2.61,1.78,0.0,2026-04-14,,Y,sold only,44.0,69.0,203.55,2026-07-02,2026-09-03,0,,MIGRATE
23424,P-23424,Twisted Tea Extreme Lemon,087692024224,R.T.D.,,,UNIT,3.45,0.0,0.0,2026-06-04,Y,Y,both,30.0,50.0,200.0,2026-06-08,2026-09-03,0,,MIGRATE
23439,P-23439,coors seltzer 7%,056327025080,Alcoholic Cocktails,COORS 473ML,,UNIT,3.49,0.0,0.0,2026-06-11,Y,Y,both,35.0,49.0,198.06,2026-06-13,2026-08-30,4,,MIGRATE
23409,P-23409,Mikes Harder Straw Lemonade,062067427367,R.T.D.,,,UNIT,3.49,0.0,0.0,2026-05-28,Y,Y,both,34.0,49.0,197.64,2026-05-28,2026-08-14,20,,MIGRATE
16747,P-17747,PREMIER PROTEIN VANILLA 325ML,643843714828,DRINK/SLUSHY,,,UNIT,3.31,0.0,0.0,2026-04-14,,Y,sold only,51.0,52.0,194.48,2026-06-24,2026-08-28,6,,MIGRATE
3949,P-4949,Next SMOOTH KS 25,061900107374,TOBACCO,,,UNIT,15.93,0.0,10.0,2026-04-14,,Y,sold only,10.0,11.0,193.0,2026-04-17,2026-08-25,9,,MIGRATE
23440,P-23440,heinekel 6 pack 330ml bottle,072890000033,Beer,,,UNIT,19.82,0.0,0.0,2026-06-12,Y,Y,both,7.0,8.0,192.82,2026-06-13,2026-09-01,2,,MIGRATE
4856,P-5856,ZIG ZAG WHITE,008660100108,TOBACCO,,,UNIT,3.1,0.0,16.0,2026-04-14,,Y,sold only,43.0,55.0,192.59,2026-04-24,2026-08-28,6,,MIGRATE
978,P-1978,DRINKS 710ML,069000009840,DRINKS,,,UNIT,2.99,0.0,0.0,2026-04-14,,Y,sold only,54.0,56.0,189.28,2026-04-16,2026-09-01,2,,MIGRATE
4918,P-5918,RED BULL SUGAR FREE 250 UNI,180854000309,DRINKS,,,UNIT,3.55,0.0,10.0,2026-04-14,,Y,sold only,43.0,47.0,187.58,2026-05-09,2026-09-03,0,,MIGRATE
2277,P-3277,nic outt,094922863485,VAPE & CIGAR,Nicout,,UNIT,2.99,0.0,0.0,2026-04-14,,Y,sold only,27.0,55.0,185.88,2026-04-23,2026-09-02,1,,MIGRATE
5615,P-6615,COCA ORIGINAL 355UNI,06782900,DRINKS,coca cola,,UNIT,1.33,0.0,1.0,2026-04-14,,Y,sold only,97.0,124.0,185.73,2026-04-17,2026-09-03,0,,MIGRATE
5114,P-6114,MONSTER ULTRA ZERO,070847015208,DRINKS,,,UNIT,3.99,0.0,2.0,2026-04-14,,Y,sold only,39.0,41.0,184.91,2026-04-15,2026-08-30,4,,MIGRATE
8153,P-9153,COLA OG 710UNI,067000104022,DRINKS,,,UNIT,2.99,2.49,0.0,2026-04-14,,Y,sold only,48.0,54.0,182.52,2026-04-20,2026-08-30,4,,MIGRATE
23201,P-23201,Twisted tea original 473,087692007470,Beer,,,UNIT,3.49,0.0,0.0,2026-04-15,Y,Y,both,27.0,45.0,181.07,2026-05-01,2026-09-01,2,,MIGRATE
1965,P-2965,bigger spin,804906010060,LOTTERY,Olg,,UNIT,10.0,0.0,0.0,2026-04-14,,Y,sold only,13.0,18.0,180.0,2026-04-16,2026-08-02,32,,MIGRATE
22647,P-23647,Twisted tea extreme Blue Razz,087692020837,R.T.D.,LCBO,,UNIT,3.45,2.5,0.0,2026-04-14,,Y,sold only,23.0,45.0,179.98,2026-06-07,2026-08-31,3,,MIGRATE
18408,P-19408,SLIM OCB,3057068015986,VAPE & CIGAR,,OCB,UNIT,2.99,0.0,1.0,2026-04-14,,Y,sold only,40.0,52.0,175.75,2026-04-21,2026-08-28,6,,MIGRATE
3981,P-4981,Du Maurier Special 20 ks,059300003136,TOBACCO,,,UNIT,19.25,0.0,10.0,2026-04-14,,Y,sold only,2.0,8.0,174.02,2026-05-01,2026-05-15,111,,REVIEW - no sale in 90+ days
5204,P-6204,HAAGEN DAZZ VANILLA ALMOND,055000205320,ICE CREAMS,,,UNIT,4.79,2.62,2.0,2026-04-14,,Y,sold only,23.0,32.0,173.19,2026-04-21,2026-08-27,7,,MIGRATE
336,P-1336,Belmont KS 25 Carton,061900001139,TOBACCO,TOBACCO,,UNIT,153.1,0.0,10.0,2026-04-14,,Y,sold only,1.0,1.0,173.0,2026-07-31,2026-07-31,34,,REVIEW - 2 units or fewer
4801,P-5801,SNICKERS,058496422394,"CANDY,GUMS & CHOCOLATES",,,UNIT,2.21,0.0,5.0,2026-04-14,,Y,sold only,68.0,75.0,170.24,2026-04-16,2026-09-03,0,,MIGRATE
23533,P-23533,Arizona hard lemon Flavour,056327017801,R.T.D.,Arizona,,UNIT,3.39,0.0,0.0,2026-07-16,Y,Y,both,23.0,42.0,165.06,2026-07-29,2026-09-02,1,,MIGRATE
23359,P-23359,Maison Perrier,055000216500,DRINKS,Perier,,UNIT,1.99,0.0,0.0,2026-04-18,Y,Y,both,58.0,73.0,164.23,2026-04-18,2026-09-03,0,,MIGRATE
22593,P-23593,Black Fly Sour Raspberry 473 ML,883043000844,Beer,LCBO,,UNIT,3.49,3.83,0.0,2026-04-14,,Y,sold only,25.0,40.0,160.76,2026-04-16,2026-07-18,47,,MIGRATE
2840,P-3840,old milwaukee  473 ml,056910401338,Beer,,,UNIT,2.49,0.0,0.0,2026-04-14,,Y,sold only,29.0,55.0,160.19,2026-04-15,2026-08-31,3,,MIGRATE
23361,P-23361,Sail Deluxe Pipe Tobacco 50 g,061900068118,TOBACCO,Sail Deluxe,,UNIT,35.4,0.0,0.0,2026-04-18,Y,Y,both,4.0,4.0,160.0,2026-05-20,2026-05-31,95,,REVIEW - no sale in 90+ days
2886,P-3886,MONEY MACHINE $5,804906005073,LOTTERY,,,UNIT,5.0,0.0,0.0,2026-04-14,,Y,sold only,17.0,31.0,155.0,2026-04-18,2026-07-22,43,,MIGRATE
2839,P-3839,laker lager  473 ml,070310001578,DRINKS,,,UNIT,2.49,0.0,0.0,2026-04-14,,Y,sold only,19.0,53.0,153.98,2026-04-15,2026-08-31,3,,MIGRATE
8207,P-9207,ARIZONA GREEN TEA-,613008766733,DRINKS,,,UNIT,3.31,0.0,2.0,2026-04-14,,Y,sold only,39.0,49.0,153.45,2026-04-18,2026-09-01,2,,MIGRATE
5120,P-6120,MONSTER ORIGINAL,070847811190,DRINKS,,,UNIT,3.99,0.0,2.0,2026-04-14,,Y,sold only,31.0,34.0,153.34,2026-04-23,2026-08-05,29,,MIGRATE
2727,P-3727,mr.freeze,064331757309,ICE CREAMS,mr.freeze,,UNIT,0.89,0.0,0.0,2026-04-14,,Y,sold only,78.0,152.0,153.06,2026-04-24,2026-09-01,2,,MIGRATE
1950,P-2950,Bingo $3,804906003017,LOTTERY,Olg,,UNIT,3.0,0.0,0.0,2026-04-14,,Y,sold only,35.0,51.0,153.0,2026-04-16,2026-07-23,42,,MIGRATE
3996,P-4996,PLAYER SMOOTH 25 KS,05935739,TOBACCO,,,UNIT,22.9,0.0,10.0,2026-04-14,,Y,sold only,6.0,6.0,152.4,2026-05-07,2026-08-15,19,,MIGRATE
23542,P-23542,Patty,24542,FOOD ITMES,,,UNIT,2.22,0.0,0.0,2026-07-17,Y,Y,both,53.0,61.0,151.47,2026-07-23,2026-09-03,0,,MIGRATE
23387,P-23387,Tide,030772188460,GROCERY,,,UNIT,6.99,0.0,0.0,2026-05-18,Y,Y,both,18.0,19.0,150.1,2026-05-20,2026-09-03,0,DUP-03,MIGRATE
23445,P-23445,White Claw surge,848819001654,R.T.D.,white claw,,UNIT,3.79,0.0,0.0,2026-06-18,Y,Y,both,27.0,34.0,148.98,2026-06-19,2026-08-20,14,,MIGRATE
23218,P-23218,Sapporo 500ml,056910605002,Beer,,,UNIT,0.0,0.0,0.0,2026-04-15,Y,Y,both,18.0,33.0,148.38,2026-04-18,2026-09-03,0,,MIGRATE
5927,P-6927,06215718,06215718,DRINKS,,,UNIT,4.44,0.0,2.0,2026-04-14,,Y,sold only,30.0,31.0,147.97,2026-04-18,2026-09-02,1,,MIGRATE
23360,P-23360,Phillies Blunt Chocolate 5 Cigar/Pack,070235629482,TOBACCO,PHILLIES BLUNT,,UNIT,11.73,0.0,0.0,2026-04-18,Y,Y,both,11.0,11.0,145.75,2026-07-06,2026-09-01,2,,MIGRATE
2833,P-3833,carling ice  473 ml,056327263932,DRINKS,,,UNIT,2.99,0.0,0.0,2026-04-14,,Y,sold only,20.0,42.0,145.08,2026-05-29,2026-08-13,21,,MIGRATE
7752,P-8752,PALL MALL BOLD KS25,059300027798,GROCERY NO TAX,,,UNIT,18.0,0.0,2.0,2026-04-14,,Y,sold only,4.0,8.0,144.0,2026-06-30,2026-07-08,57,,MIGRATE
23447,P-23447,Red Stripe Lager 6*330ml,698614021278,Beer,,,UNIT,17.49,0.0,0.0,2026-06-19,Y,Y,both,5.0,7.0,142.54,2026-06-26,2026-07-24,41,,MIGRATE
342,P-1342,Benson and Hedges Deluxe KS 20 carton,061900003997,TOBACCO,TOBACCO,,UNIT,124.78,0.0,3.0,2026-04-14,,Y,sold only,1.0,1.0,141.0,2026-05-31,2026-05-31,95,,REVIEW - no sale in 90+ days
2550,P-3550,money multiplier,804906002010,LOTTERY,Olg,,UNIT,2.0,0.0,0.0,2026-04-14,,Y,sold only,45.0,70.0,140.0,2026-04-16,2026-07-26,39,,MIGRATE
4081,P-5081,"SEALTEST CANDY,GUMS & CHOCOLATES MILK 473UNI",064420201713,DAIRY PRODUCTS TAXABLE,,,UNIT,1.99,0.0,3.0,2026-04-14,,Y,sold only,50.0,62.0,139.5,2026-04-18,2026-09-02,1,,MIGRATE
4869,P-5869,PALL MALLSP XL FULL KS,059300062751,TOBACCO,,,UNIT,15.04,0.0,8.0,2026-04-14,,Y,sold only,6.0,8.0,135.98,2026-05-09,2026-06-15,80,,MIGRATE
23413,P-23413,Blackwood Whissky Tobacco,071610122802,TOBACCO,,,UNIT,15.0,0.0,0.0,2026-05-31,Y,Y,both,8.0,8.0,135.6,2026-06-10,2026-08-21,13,,MIGRATE
23550,P-23550,Rougemont Apple juice 2L,067311010029,GROCERY,,,UNIT,5.0,0.0,0.0,2026-08-02,Y,Y,both,20.0,24.0,135.6,2026-08-03,2026-09-03,0,,MIGRATE
358,P-1358,Next Extra KS 20 Carton,061900007025,TOBACCO,Next Extra,,UNIT,119.47,0.0,1.0,2026-04-14,,Y,sold only,1.0,1.0,135.0,2026-07-21,2026-07-21,44,,REVIEW - 2 units or fewer
4551,P-5551,FIJI 500ml water,632565000159,WATER,,,UNIT,2.5,0.0,3.0,2026-04-14,,Y,sold only,38.0,54.0,135.0,2026-04-23,2026-08-02,32,,MIGRATE
22416,P-23416,White Claw Hard Seltzer Black Cherry 473ML,848819000008,R.T.D.,LCBO,,UNIT,3.49,3.0,0.0,2026-04-14,,Y,sold only,19.0,33.0,133.44,2026-07-26,2026-09-03,0,,MIGRATE
4975,P-5975,DIET COKE 355UNI CAN,06792800,DRINKS,,,UNIT,1.33,0.0,2.0,2026-04-14,,Y,sold only,65.0,88.0,132.17,2026-04-22,2026-09-03,0,,MIGRATE
7022,P-8022,MARLBORO 25 KS,059300061709,TOBACCO,,,UNIT,16.59,0.0,2.0,2026-04-14,,Y,sold only,5.0,7.0,131.24,2026-04-22,2026-06-10,85,,MIGRATE
20953,P-21953,058496467494,058496467494,"CANDY,GUMS & CHOCOLATES",,BOUNTY,UNIT,2.21,0.0,1.0,2026-04-14,,Y,sold only,48.0,58.0,130.75,2026-04-24,2026-09-03,0,,MIGRATE
3994,P-4994,PLAYER  25 RG,05934934,TOBACCO,,,UNIT,22.9,0.0,10.0,2026-04-14,,Y,sold only,5.0,5.0,129.4,2026-08-19,2026-08-28,6,,MIGRATE
23125,P-24125,CAPTAIN MORGAN MANGO MAI TAI 355ML,082000802396,Beer,CAPTAIN MORGAN 355ML,,UNIT,2.99,2.23,0.0,2026-04-14,,Y,sold only,23.0,37.0,128.79,2026-05-29,2026-08-27,7,,MIGRATE
22546,P-23546,Black Fly Crushed Orange 473ML,883043001025,R.T.D.,LCBO,,UNIT,3.49,3.49,0.0,2026-04-14,,Y,sold only,21.0,32.0,128.68,2026-05-29,2026-08-26,8,,MIGRATE
22962,P-23962,BULDUK SPICY RAMEN 105 G,192699000987,GROCERY,BULDAK,,UNIT,3.55,2.49,0.0,2026-04-14,,Y,sold only,22.0,32.0,126.55,2026-06-01,2026-08-29,5,,MIGRATE
4974,P-5974,COKE ZERO 355UNI CAN,06731906,DRINKS,,,UNIT,1.33,0.0,2.0,2026-04-14,,Y,sold only,70.0,84.0,126.12,2026-04-17,2026-08-30,4,,MIGRATE
4766,P-5766,FERRERO ROCHER,06202945,"CANDY,GUMS & CHOCOLATES",,,UNIT,2.87,0.0,5.0,2026-04-14,,Y,sold only,35.0,42.0,125.72,2026-04-18,2026-08-27,7,,MIGRATE
16659,P-17659,Arizone Tropicsl chillzikle,613008767372,DRINKS,Arizona,,UNIT,3.31,0.0,0.0,2026-04-14,,Y,sold only,35.0,41.0,124.61,2026-04-16,2026-08-25,9,,MIGRATE
4985,P-5985,CANADA DRY CAN,06224017,DRINKS,,,UNIT,1.33,0.0,2.0,2026-04-14,,Y,sold only,64.0,81.0,121.65,2026-04-15,2026-08-30,4,,MIGRATE
23501,P-23501,Molson Canadian 710ml,056327006010,Beer,molson,,UNIT,4.87,0.0,0.0,2026-07-01,Y,Y,both,15.0,22.0,121.05,2026-07-06,2026-08-27,7,,MIGRATE
19358,P-20358,$20 LOTTO MAX.2 DRA,2280550020002,LOTTERY,,OLG,UNIT,20.0,0.0,1.0,2026-04-14,,Y,sold only,6.0,6.0,120.0,2026-04-22,2026-07-27,38,,MIGRATE
23194,P-23194,Instant 30X,627925000771,LOTTERY,,,UNIT,30.0,0.0,0.0,2026-04-15,Y,Y,both,4.0,4.0,120.0,2026-04-16,2026-05-17,109,,REVIEW - no sale in 90+ days
16155,P-17155,Aloe Vera Mango,8809059293959,DRINKS,Aloe,,UNIT,3.31,2.99,0.0,2026-04-14,,Y,sold only,29.0,32.0,119.75,2026-04-22,2026-08-28,6,DUP-04,MIGRATE
23473,P-23473,Ven Dens Power Bank,5060674508887,Electronics - My top gift,,,UNIT,34.99,0.0,0.0,2026-06-19,Y,Y,both,3.0,3.0,118.62,2026-07-08,2026-07-27,38,,MIGRATE
8237,P-9237,BIC BIG LIGHTER,3086120600020,HEALTH & BEAUTY,,,UNIT,2.5,0.0,2.0,2026-04-14,,Y,sold only,39.0,42.0,118.47,2026-05-04,2026-09-01,2,,MIGRATE
3955,P-4955,Benson and Hedges prime 25,061900000729,TOBACCO,,,UNIT,20.35,0.0,10.0,2026-04-14,,Y,sold only,5.0,5.0,115.0,2026-06-06,2026-08-26,8,,MIGRATE
5215,P-6215,"Nestle drumstick CANDY,GUMS & CHOCOLATES fudge",055000174534,ICE CREAMS,,,UNIT,3.99,2.06,2.0,2026-04-14,,Y,sold only,17.0,25.0,112.75,2026-04-21,2026-08-15,19,,MIGRATE
23500,P-23500,Budweisr 710ml,062067335709,Beer,budweiser,,UNIT,4.97,0.0,0.0,2026-07-01,Y,Y,both,15.0,20.0,112.35,2026-07-09,2026-09-03,0,,MIGRATE
9788,P-10788,TOBACCO CAMEL ORIGINAL 25,060100045325,TOBACCO,,,UNIT,16.4,0.0,2.0,2026-04-14,,Y,sold only,6.0,6.0,111.18,2026-06-26,2026-08-31,3,,MIGRATE
4623,P-5623,DEMPSTERS WHITE,068721002222,GROCERY NO TAX,,,UNIT,3.5,2.66,1.0,2026-04-14,,Y,sold only,30.0,31.0,110.52,2026-04-26,2026-09-03,0,,MIGRATE
4778,P-5778,NESTLE KIT KAT,05980331,"CANDY,GUMS & CHOCOLATES",,,UNIT,1.99,0.0,5.0,2026-04-14,,Y,sold only,40.0,49.0,110.25,2026-04-18,2026-09-02,1,,MIGRATE
22421,P-23421,Laker Lager 6*473ML,620707554462,Beer,LCBO,,UNIT,13.99,13.0,0.0,2026-04-14,,Y,sold only,6.0,7.0,109.01,2026-04-15,2026-06-27,68,,MIGRATE
964,P-1964,ALOEVERA ORIGINAL,8809059291986,DRINKS,,,UNIT,3.31,0.0,0.0,2026-04-14,,Y,sold only,27.0,29.0,108.49,2026-04-16,2026-09-03,0,,MIGRATE
23464,P-23464,Van Dens Earphones,5056594152132,Electronics - My top gift,,,UNIT,15.99,0.0,0.0,2026-06-19,Y,Y,both,6.0,6.0,108.42,2026-06-24,2026-08-29,5,DUP-05,MIGRATE
19359,P-20359,$12 LOTTO MAX,2280550012007,LOTTERY,,OLG,UNIT,12.0,0.0,1.0,2026-04-14,,Y,sold only,9.0,9.0,108.0,2026-04-17,2026-06-12,83,,MIGRATE
9653,P-10653,TEREA OAK  FOR IIUMA 54,061900602206,TOBACCO,,,UNIT,31.49,0.0,2.0,2026-04-14,,Y,sold only,3.0,3.0,106.74,2026-04-18,2026-08-06,28,,MIGRATE
23075,P-24075,JACKSON TRIGGS MERLOT,063657007112,Wine,JACKSON TRIGGS,,UNIT,13.1,0.0,0.0,2026-04-14,,Y,sold only,6.0,7.0,105.01,2026-07-18,2026-08-21,13,,MIGRATE
7610,P-8610,LAYS CLASSIC 235G,060410047019,CHIPS & SNACKS,Lay's Calssic,,UNIT,4.99,0.0,2.0,2026-04-14,,Y,sold only,18.0,18.0,101.52,2026-04-18,2026-08-24,10,,MIGRATE
16037,P-17037,Naya 500 ml,057379105010,WATER,,,UNIT,1.5,0.0,0.0,2026-04-14,,Y,sold only,56.0,67.0,100.5,2026-04-15,2026-08-14,20,,MIGRATE
5206,P-6206,DRUMSTICK VANILLA FUDGE,055000563529,ICE CREAMS,,,UNIT,3.79,0.0,2.0,2026-04-14,,Y,sold only,18.0,25.0,100.27,2026-04-19,2026-08-28,6,,MIGRATE
19492,P-20492,"LOT, MAX 10 DRAW.$50",2280550050009,LOTTERY,,OLG,UNIT,50.0,0.0,1.0,2026-04-14,,Y,sold only,1.0,2.0,100.0,2026-05-18,2026-05-18,108,,REVIEW - no sale in 90+ days
23204,P-23204,Smirnoff ice berry blast 473,082000785552,Beer,,,UNIT,3.45,0.0,0.0,2026-04-15,Y,Y,both,13.0,25.0,99.99,2026-04-18,2026-08-31,3,,MIGRATE
23230,P-23230,egg burnbrae 12,065651000052,GROCERY NO TAX,,,UNIT,4.99,0.0,0.0,2026-04-15,Y,Y,both,18.0,20.0,99.8,2026-04-17,2026-08-29,5,,MIGRATE
3935,P-4935,Philip Morris original 20 ks,061900107213,TOBACCO,,,UNIT,12.83,0.0,10.0,2026-04-14,,Y,sold only,7.0,7.0,99.5,2026-05-11,2026-08-07,27,,MIGRATE
23502,P-23502,Michelob Ultra,062067547539,Beer,Michelob,,UNIT,21.58,0.0,0.0,2026-07-01,Y,Y,both,5.0,5.0,99.48,2026-07-13,2026-08-24,10,DUP-06,MIGRATE
23418,P-23418,Busch Ice,062067423222,Beer,,,UNIT,15.49,0.0,0.0,2026-06-01,Y,Y,both,4.0,6.0,99.34,2026-06-04,2026-06-20,75,,MIGRATE
23305,P-23305,Tide detergent,030772176344,GROCERY,,,UNIT,7.99,0.0,0.0,2026-04-16,Y,Y,both,10.0,11.0,99.33,2026-04-21,2026-08-18,16,DUP-07,MIGRATE
519,P-1519,Vita coconut waster 330ml,898999000022,DRINKS,vita,,UNIT,2.49,0.0,12.0,2026-04-14,,Y,sold only,26.0,35.0,98.44,2026-06-21,2026-09-03,0,,MIGRATE
23217,P-23217,Guinness 440ml,5000213002834,Beer,,,UNIT,0.0,0.0,0.0,2026-04-15,Y,Y,both,13.0,22.0,98.02,2026-04-16,2026-07-12,53,,MIGRATE
9665,P-10665,DRINKS 355UNI--,069000004258,DRINKS,,,UNIT,1.33,0.0,2.0,2026-04-14,,Y,sold only,57.0,65.0,97.55,2026-04-18,2026-09-01,2,,MIGRATE
23535,P-23535,Nutrl Blackberry,062067423697,R.T.D.,,,UNIT,3.79,0.0,0.0,2026-07-16,Y,Y,both,16.0,22.0,96.42,2026-07-17,2026-08-01,33,,MIGRATE
23446,P-23446,Tiger Lager 500 ml,086428230502,Beer,,,UNIT,3.59,0.0,0.0,2026-06-19,Y,Y,both,10.0,23.0,95.61,2026-06-21,2026-08-06,28,,MIGRATE
9197,P-10197,ARIZONA ICED TEA WITH LEMON,613008766702,DRINKS,,,UNIT,2.66,0.0,2.0,2026-04-14,,Y,sold only,32.0,33.0,95.16,2026-05-26,2026-08-28,6,,MIGRATE
23369,P-23369,Eggs 12 Large,065651000021,GENERAL NO TAX,Burnbrae,,UNIT,5.0,0.0,0.0,2026-04-24,Y,Y,both,18.0,19.0,95.0,2026-04-25,2026-08-15,19,,MIGRATE
9441,P-10441,ARIZONA ICE TEA WITH RASPBERRY,613008766948,DRINKS,,,UNIT,2.66,0.0,0.0,2026-04-14,,Y,sold only,30.0,32.0,93.7,2026-04-21,2026-09-01,2,,MIGRATE
3101,P-4101,Redpath sugar,062847210233,GROCERY NO TAX,,,UNIT,5.5,0.0,2.0,2026-04-14,,Y,sold only,17.0,17.0,93.5,2026-05-02,2026-08-25,9,,MIGRATE
17167,P-18167,BACKWOODS RUM.,071610122772,TOBACCO,,,UNIT,13.72,0.0,0.0,2026-04-14,,Y,sold only,5.0,6.0,93.01,2026-07-03,2026-08-21,13,,MIGRATE
3915,P-4915,Belmont select small rg 20,061900138149,TOBACCO,,,UNIT,16.37,0.0,10.0,2026-04-14,,Y,sold only,5.0,5.0,92.0,2026-05-09,2026-08-09,25,,MIGRATE
5203,P-6203,HAAGEN DAZZ VANILLA MILK,055000205306,ICE CREAMS,,,UNIT,4.79,0.0,2.0,2026-04-14,,Y,sold only,14.0,17.0,92.0,2026-05-16,2026-08-28,6,,MIGRATE
2181,P-3181,pine apple burst,067311680284,DRINKS,fresh n pure,,UNIT,3.57,0.0,0.0,2026-04-14,,Y,sold only,22.0,23.0,91.7,2026-05-06,2026-09-02,1,,MIGRATE
4045,P-5045,MACDONALD ORIGINAL 25 KS,060100035180,TOBACCO,,,UNIT,15.93,0.0,10.0,2026-04-14,,Y,sold only,5.0,5.0,90.0,2026-07-10,2026-08-26,8,,MIGRATE
19500,P-20500,LOTO MAX $30,2280550030001,LOTTERY,,OLG,UNIT,30.0,0.0,1.0,2026-04-14,,Y,sold only,3.0,3.0,90.0,2026-05-07,2026-06-15,80,,MIGRATE
23238,P-23238,Kinder Chocolate,06202343,"CANDY,GUMS & CHOCOLATES",,,UNIT,1.76,0.0,0.0,2026-04-15,Y,Y,both,28.0,65.0,89.45,2026-04-18,2026-08-29,5,,MIGRATE
4917,P-5917,RED BULL SUGAR FREE 355 UNI,180854000606,DRINKS,,,UNIT,3.75,0.0,10.0,2026-04-14,,Y,sold only,13.0,21.0,89.02,2026-05-09,2026-08-27,7,,MIGRATE
19311,P-20311,POK.MEGA.WHEE.LIGH.LOTARIO,2280550002008,LOTTERY,,OLG,UNIT,2.0,0.0,1.0,2026-04-14,,Y,sold only,42.0,44.0,88.0,2026-04-17,2026-07-22,43,,MIGRATE
5141,P-6141,SMART WATER  591ML Water,786162650351,WATER,,,UNIT,3.0,0.0,2.0,2026-04-14,,Y,sold only,26.0,29.0,87.0,2026-04-16,2026-06-08,87,,MIGRATE
4864,P-5864,RAW CLASSIC,716165174233,VAPE & CIGAR,,,UNIT,2.65,0.0,16.0,2026-04-14,,Y,sold only,15.0,29.0,86.79,2026-04-27,2026-08-26,8,,MIGRATE
1012,P-2012,ARIZONA CUCUMBER 680ML,613008745905,DRINKS,,,UNIT,2.66,0.0,0.0,2026-04-14,,Y,sold only,29.0,30.0,84.57,2026-05-04,2026-08-25,9,,MIGRATE
4986,P-5986,SPRITE CAN,06793207,DRINKS,,,UNIT,1.49,0.0,2.0,2026-04-14,,Y,sold only,46.0,50.0,84.03,2026-04-29,2026-09-03,0,,MIGRATE
23509,P-23509,Black fly vodka grapefruit 4*400,883043000806,R.T.D.,BLACK FLY 4PK,,UNIT,11.99,11.99,0.0,2026-07-04,Y,Y,both,5.0,6.0,83.7,2026-07-07,2026-08-02,32,,MIGRATE
5015,P-6015,G COOL BLUE  591UNI,055577420270,DRINKS,,,UNIT,2.1,1.66,2.0,2026-04-14,,Y,sold only,17.0,25.0,83.47,2026-05-07,2026-07-17,48,DUP-08,MIGRATE
23189,P-23189,CREDIT CARD FEE,24189,GENERAL NO TAX,,,UNIT,0.0,0.0,0.0,2026-04-15,Y,Y,both,138.0,138.0,82.8,2026-04-15,2026-08-30,4,,MIGRATE
5160,P-6160,POWER ADE MIX BERRY,06748508,DRINKS,,,UNIT,3.49,0.0,2.0,2026-04-14,,Y,sold only,14.0,21.0,82.78,2026-05-30,2026-08-27,7,,MIGRATE
23206,P-23206,Fanta 355,067000013737,DRINKS,,,UNIT,1.33,0.0,0.0,2026-04-15,Y,Y,both,46.0,55.0,82.59,2026-04-17,2026-08-27,7,,MIGRATE
4058,P-5058,LD MEDIUM KS 20,060100037795,TOBACCO,,,UNIT,12.17,0.0,10.0,2026-04-14,,Y,sold only,6.0,6.0,82.5,2026-05-19,2026-07-18,47,,MIGRATE
5116,P-6116,MONSTER ZERO SUGAR,070847002901,DRINKS,,,UNIT,3.99,0.0,2.0,2026-04-14,,Y,sold only,17.0,18.0,81.18,2026-05-08,2026-08-16,18,,MIGRATE
980,P-1980,COKE DIET 710ML,067000104039,DRINKS,,,UNIT,2.99,0.0,0.0,2026-04-14,,Y,sold only,23.0,24.0,81.12,2026-04-16,2026-09-02,1,,MIGRATE
22933,P-23933,NESTEA LEMON 355ML,990484000071,DRINKS,NESTEA,,UNIT,1.33,0.67,0.0,2026-04-14,,Y,sold only,45.0,54.0,81.08,2026-05-03,2026-08-20,14,,MIGRATE
16655,P-17655,lays kechup big 220g,060410079430,CHIPS,lays,,UNIT,4.99,0.0,0.0,2026-04-14,,Y,sold only,14.0,14.0,78.96,2026-04-28,2026-08-31,3,,MIGRATE
5219,P-6219,Nestle  oreoASSORTED SANDWICH single,060000610203,ICE CREAMS,,,UNIT,3.49,0.0,2.0,2026-04-14,,Y,sold only,20.0,20.0,78.8,2026-05-18,2026-08-06,28,,MIGRATE
5235,P-6235,NESTLE VANILLA CAKE,055000681728,ICE CREAMS,,,UNIT,1.99,0.0,2.0,2026-04-14,,Y,sold only,23.0,35.0,78.75,2026-05-03,2026-09-01,2,,MIGRATE
5014,P-6014,G FRIU PUNCH 591UNI,055577420263,DRINKS,,,UNIT,2.99,1.66,2.0,2026-04-14,,Y,sold only,12.0,23.0,77.73,2026-05-15,2026-09-01,2,,MIGRATE
2102,P-3102,crus,05660203,DRINKS,,,UNIT,1.79,0.0,0.0,2026-04-14,,Y,sold only,34.0,38.0,76.8,2026-05-03,2026-09-03,0,,MIGRATE
23197,P-23197,Ensure Protein Drink Vanilla,055325004288,DRINKS NO TAX,,,UNIT,3.75,0.0,0.0,2026-04-15,Y,Y,both,18.0,20.0,75.0,2026-04-17,2026-06-29,66,,MIGRATE
4786,P-5786,CADBURY CARAMILK,06105422,"CANDY,GUMS & CHOCOLATES",,,UNIT,2.21,0.0,5.0,2026-04-14,,Y,sold only,29.0,30.0,74.99,2026-05-03,2026-09-02,1,,MIGRATE
2945,P-3945,original  CHIPS & SNACKS,060410046678,CHIPS & SNACKS,Frito lay,,UNIT,5.49,3.36,4.0,2026-04-14,,Y,sold only,12.0,12.0,74.4,2026-08-05,2026-09-02,1,,MIGRATE
3958,P-4958,Benson and Hedges delux 20k,061900103994,TOBACCO,,,UNIT,16.37,0.0,10.0,2026-04-14,,Y,sold only,4.0,4.0,74.0,2026-04-25,2026-08-17,17,,MIGRATE
16510,P-17510,bbq,060410079416,CHIPS,lays,,UNIT,0.0,0.0,0.0,2026-04-14,,Y,sold only,13.0,13.0,73.32,2026-05-07,2026-09-02,1,,MIGRATE
22420,P-23420,Black Fly Vodka Black Cherry 473ML,883043002763,Beer,LCBO,,UNIT,3.49,3.0,0.0,2026-04-14,,Y,sold only,12.0,18.0,72.52,2026-05-30,2026-08-24,10,,MIGRATE
5163,P-6163,COKE ZERO 2L,067000106682,DRINKS,,,UNIT,3.99,0.0,2.0,2026-04-14,,Y,sold only,16.0,16.0,72.16,2026-04-18,2026-08-29,5,,MIGRATE
3975,P-4975,Du Maurier Smooth 20 Rg,05932732,TOBACCO,,,UNIT,15.93,0.0,10.0,2026-04-14,,Y,sold only,3.0,4.0,72.0,2026-06-21,2026-06-26,69,,MIGRATE
19484,P-20484,LOTTO MAX $18.00,2280550018009,LOTTERY,,OLG,UNIT,18.0,0.0,1.0,2026-04-14,,Y,sold only,3.0,4.0,72.0,2026-04-17,2026-05-08,118,,REVIEW - no sale in 90+ days
23207,P-23207,Fanta,067000011061,DRINKS,,,UNIT,1.87,0.0,0.0,2026-04-15,Y,Y,both,37.0,47.0,71.78,2026-04-15,2026-09-03,0,,MIGRATE
23188,P-23188,DEBIT CARD FEES,24188,GENERAL NO TAX,,,UNIT,0.25,0.0,0.0,2026-04-15,Y,Y,both,260.0,262.0,71.55,2026-04-15,2026-08-23,11,,MIGRATE
3939,P-4939,Matinee subtle KS 25,059300010585,TOBACCO,,,UNIT,21.0,0.0,10.0,2026-04-14,,Y,sold only,2.0,3.0,71.19,2026-08-18,2026-08-19,15,,MIGRATE
23452,P-23452,Ven Dens Adapter,5056594114888,Electronics - My top gift,,,UNIT,20.99,0.0,0.0,2026-06-19,Y,Y,both,3.0,3.0,71.16,2026-06-30,2026-08-11,23,DUP-09,MIGRATE
977,P-1977,CRUSH ORANGE 710ML,056000004609,DRINKS,,,UNIT,2.99,0.0,0.0,2026-04-14,,Y,sold only,21.0,21.0,70.98,2026-04-16,2026-09-01,2,,MIGRATE
4858,P-5858,ZIG ZAG SILVER,008660100405,TOBACCO,,,UNIT,3.1,0.0,16.0,2026-04-14,,Y,sold only,18.0,20.0,70.02,2026-05-12,2026-08-28,6,,MIGRATE
5065,P-6065,DRINKS CRUSH ORANGE 2LT,05609008,DRINKS,,,UNIT,4.15,0.0,2.0,2026-04-14,,Y,sold only,15.0,15.0,69.09,2026-04-29,2026-08-09,25,,MIGRATE
19312,P-20312,POKER /LOTARIO/TOP/649,2280550001001,LOTTERY,,OLG,UNIT,1.0,0.0,1.0,2026-04-14,,Y,sold only,65.0,69.0,69.0,2026-04-17,2026-07-27,38,,MIGRATE
479,P-1479,LD Standard Bold KS 20,060100038600,TOBACCO,TOBACCO,,UNIT,12.17,0.0,10.0,2026-04-14,,Y,sold only,4.0,5.0,68.75,2026-04-15,2026-08-26,8,,MIGRATE
22548,P-23548,Somersby 473ML,675325010005,Beer,LCBO,,UNIT,3.49,0.0,0.0,2026-04-14,,Y,sold only,13.0,17.0,68.67,2026-06-09,2026-08-30,4,,MIGRATE
4850,P-5850,KINDER EGG,06202644,"CANDY,GUMS & CHOCOLATES",,,UNIT,2.25,0.0,2.0,2026-04-14,,Y,sold only,22.0,27.0,68.53,2026-04-26,2026-09-01,2,,MIGRATE
4691,P-5691,PRINGLES ORIGINAL,064100111332,CHIPS & SNACKS,,,UNIT,4.99,0.0,2.0,2026-04-14,,Y,sold only,10.0,12.0,67.68,2026-05-08,2026-08-03,31,,MIGRATE
22764,P-23764,Lays Sour Cream & Onion,060410079492,GENERAL ITEMS,lays Sour Cream 220g,,UNIT,4.99,1.0,0.0,2026-04-14,,Y,sold only,12.0,12.0,67.68,2026-04-22,2026-09-03,0,,MIGRATE
5213,P-6213,Nestle drumstick salty caramel,055000174589,ICE CREAMS,,,UNIT,3.99,0.0,2.0,2026-04-14,,Y,sold only,10.0,15.0,67.65,2026-06-12,2026-08-14,20,,MIGRATE
5157,P-6157,POWER ADE MELON PINEAPPLE,06748809,DRINKS,,,UNIT,2.99,0.0,2.0,2026-04-14,,Y,sold only,19.0,20.0,67.6,2026-06-14,2026-09-02,1,,MIGRATE
2033,P-3033,TWINKIES,777550011649,GROCERY NO TAX,HOSTESS,,UNIT,2.5,0.0,0.0,2026-04-14,,Y,sold only,25.0,27.0,67.5,2026-04-19,2026-08-29,5,,MIGRATE
23410,P-23410,Jameson Whiskey Lemonade,080432001424,R.T.D.,,,UNIT,3.89,0.0,0.0,2026-05-28,Y,Y,both,12.0,15.0,67.47,2026-05-31,2026-08-29,5,,MIGRATE
4552,P-5552,COCONUT WATER 500UNI,055270833773,DRINKS NO TAX,,,UNIT,3.5,0.0,3.0,2026-04-14,,Y,sold only,17.0,19.0,66.5,2026-04-21,2026-06-19,76,,MIGRATE
6033,P-7033,SCOTTIES,061328805036,HEALTH & BEAUTY,,,UNIT,2.25,0.0,2.0,2026-04-14,,Y,sold only,24.0,26.0,66.05,2026-04-19,2026-09-02,1,,MIGRATE
7046,P-8046,G-ZERO LIME 591UNI,055577420232,DRINKS,,,UNIT,3.1,0.0,2.0,2026-04-14,,Y,sold only,17.0,19.0,65.19,2026-05-21,2026-08-07,27,,MIGRATE
4542,P-5542,NAYA 600ml,057379600119,DRINKS,,,UNIT,1.55,0.0,12.0,2026-04-14,,Y,sold only,39.0,46.0,64.58,2026-05-17,2026-09-03,0,,MIGRATE
2074,P-3074,del monte mango,067311268376,DRINKS,,,UNIT,3.57,0.0,0.0,2026-04-14,,Y,sold only,16.0,16.0,63.78,2026-05-17,2026-08-30,4,,MIGRATE
23433,P-23433,Kirkland towel,096619188109,HOUSE HOLD ITEM,,,UNIT,3.99,0.0,0.0,2026-06-11,Y,Y,both,14.0,14.0,63.14,2026-06-14,2026-08-29,5,,MIGRATE
23373,P-23373,Xlite lighter,877318001353,LIGHTER,,,UNIT,1.99,0.0,0.0,2026-04-29,Y,Y,both,27.0,28.0,63.0,2026-05-11,2026-06-26,69,,MIGRATE
20895,P-21895,TONIC WATERMELON,613008771300,DRINKS,,ARIZONA,UNIT,3.31,0.0,1.0,2026-04-14,,Y,sold only,14.0,17.0,62.12,2026-07-28,2026-09-01,2,,MIGRATE
4987,P-5987,DR PEPPER CAN,05492935,DRINKS,dr pepper,,UNIT,1.55,0.0,2.0,2026-04-14,,Y,sold only,21.0,36.0,61.77,2026-04-19,2026-08-02,32,,MIGRATE
1911,P-2911,0ASIS APPLE 300 ML,067311010111,DRINKS,,,UNIT,1.77,0.0,0.0,2026-04-14,,Y,sold only,26.0,31.0,60.86,2026-05-06,2026-09-03,0,,MIGRATE
7775,P-8775,GATORADE G2 GRAPE 591UNI,055577420942,DRINKS,,,UNIT,2.99,0.0,2.0,2026-04-14,,Y,sold only,18.0,18.0,60.84,2026-05-07,2026-08-29,5,,MIGRATE
5209,P-6209,DRUMSTICK VANILLA CARAMEL,055000563512,ICE CREAMS,,,UNIT,3.79,0.0,2.0,2026-04-14,,Y,sold only,10.0,15.0,60.83,2026-04-20,2026-08-30,4,,MIGRATE
4797,P-5797,REESES 3 CUP,056600793217,"CANDY,GUMS & CHOCOLATES",,,UNIT,1.99,0.0,5.0,2026-04-14,,Y,sold only,24.0,27.0,60.75,2026-04-18,2026-09-03,0,,MIGRATE
5275,P-6275,SKITTLES ORIGINAL 61G,058496829605,"CANDY,GUMS & CHOCOLATES",,,UNIT,2.21,0.0,1.0,2026-04-14,,Y,sold only,21.0,24.0,59.97,2026-04-16,2026-08-27,7,,MIGRATE
16419,P-17419,Twisted Tea,087692011248,DRINKS,PEACH TEA,,UNIT,3.99,3.99,0.0,2026-04-14,,Y,sold only,10.0,13.0,58.63,2026-07-25,2026-09-01,2,,MIGRATE
23208,P-23208,Crush,05660300,DRINKS,,,UNIT,1.33,0.0,0.0,2026-04-15,Y,Y,both,35.0,39.0,58.53,2026-04-18,2026-09-02,1,,MIGRATE
4884,P-5884,PALL MALL SPECIAL XL FULL 20,059300053339,GROCERY NO TAX,,,UNIT,14.5,0.0,8.0,2026-04-14,,Y,sold only,4.0,4.0,58.0,2026-07-27,2026-08-16,18,,MIGRATE
9644,P-10644,IQOS IIUMA ONE PEBBLE BEIGE,061900497239,TOBACCO,,,UNIT,50.99,0.0,2.0,2026-04-14,,Y,sold only,1.0,1.0,57.62,2026-04-18,2026-04-18,138,,REVIEW - no sale in 90+ days
3655,P-4655,tic tac freshmint,062020005618,"CANDY,GUMS & CHOCOLATES",,,UNIT,2.25,0.0,2.0,2026-04-14,,Y,sold only,21.0,21.0,57.57,2026-04-19,2026-08-16,18,,MIGRATE
2997,P-3997,Excel spearmint 12 pc singkles,064900000317,"CANDY,GUMS & CHOCOLATES",,,UNIT,2.21,0.0,3.0,2026-04-14,,Y,sold only,21.0,23.0,57.48,2026-04-18,2026-09-02,1,,MIGRATE
22717,P-23717,Bodacious Smooth Red,063657031773,Wine,LCBO,,UNIT,12.48,1.0,0.0,2026-04-14,,Y,sold only,4.0,4.0,57.2,2026-04-23,2026-05-14,112,DUP-02,REVIEW - no sale in 90+ days
1088,P-2088,X-LITE,877318100063,VAPE & CIGAR,,,UNIT,2.66,0.0,0.0,2026-04-14,,Y,sold only,19.0,19.0,57.19,2026-04-17,2026-08-27,7,,MIGRATE
23487,P-23487,Borofone Headphones,6941991101687,Electronics - My top gift,,,UNIT,49.99,0.0,0.0,2026-06-19,Y,Y,both,1.0,1.0,56.49,2026-06-30,2026-06-30,65,DUP-10,REVIEW - 2 units or fewer
1909,P-2909,SUNNY D ORANGE ST,050200013003,DRINKS,,,UNIT,1.99,0.0,0.0,2026-04-14,,Y,sold only,24.0,25.0,56.25,2026-04-20,2026-08-29,5,,MIGRATE
23545,P-23545,Aloevera mango,718122298341,DRINKS,,,UNIT,3.31,0.0,0.0,2026-07-26,Y,Y,both,12.0,15.0,56.1,2026-07-29,2026-09-02,1,DUP-04,MIGRATE
22827,P-23827,LAYS DILL PICKLE 220GM,060410079393,CHIPS,LAYS,,UNIT,4.99,0.0,0.0,2026-04-14,,Y,sold only,10.0,10.0,55.83,2026-04-24,2026-08-19,15,,MIGRATE
23349,P-23349,Melona Icecream,8801104943635,Ice cream,,,UNIT,2.49,0.0,0.0,2026-04-17,Y,Y,both,16.0,23.0,55.67,2026-04-17,2026-08-19,15,,MIGRATE
9836,P-10836,kit kat double crunch,055000209120,ICE CREAMS,,,UNIT,3.49,0.0,2.0,2026-04-14,,Y,sold only,12.0,14.0,55.18,2026-06-26,2026-08-30,4,,MIGRATE
2644,P-3644,eagle torchh,853195010503,VAPE & CIGAR,,,UNIT,7.99,0.0,0.0,2026-04-14,,Y,sold only,6.0,6.0,54.18,2026-05-03,2026-07-21,44,,MIGRATE
3566,P-4566,5 gum acsent,064900227035,"CANDY,GUMS & CHOCOLATES",,,UNIT,3.09,0.0,2.0,2026-04-14,,Y,sold only,15.0,16.0,54.08,2026-04-16,2026-08-29,5,,MIGRATE
688,P-1688,Mug Root Beer 355ml,069000040508,DRINKS,DRINKS,,UNIT,1.33,0.0,12.0,2026-04-14,,Y,sold only,31.0,36.0,54.04,2026-04-18,2026-08-30,4,,MIGRATE
4959,P-5959,SUNNY TANGY ORIGINAL,050200012976,DRINKS,,,UNIT,1.99,0.0,2.0,2026-04-14,,Y,sold only,22.0,24.0,54.0,2026-04-20,2026-08-28,6,,MIGRATE
23572,P-23572,Guiness 500 ML,5000213015414,Beer,Guiness,,UNIT,4.25,0.0,0.0,2026-08-21,Y,Y,both,4.0,11.0,53.93,2026-08-22,2026-09-02,1,,MIGRATE
102,P-1102,Export A Green Rolling Paper,060100003004,VAPE & CIGAR,TOBACCO,,UNIT,2.88,0.0,25.0,2026-04-14,,Y,sold only,14.0,16.0,52.02,2026-04-16,2026-06-16,79,,MIGRATE
3938,P-4938,Matinee mellow KS 25,059300004423,TOBACCO,,,UNIT,23.01,0.0,10.0,2026-04-14,,Y,sold only,2.0,2.0,52.0,2026-06-06,2026-06-23,72,,REVIEW - 2 units or fewer
23350,P-23350,Mega Sandwich,774276118126,ICE CREAMS,,,UNIT,1.99,0.0,0.0,2026-04-17,Y,Y,both,19.0,23.0,51.75,2026-04-30,2026-08-21,13,,MIGRATE
23351,P-23351,Dairy Milk 38g,061200018424,"CANDY,GUMS & CHOCOLATES",cadbury,,UNIT,2.21,0.0,0.0,2026-04-18,Y,Y,both,20.0,23.0,51.75,2026-04-19,2026-08-22,12,,MIGRATE
2848,P-3848,michelob ultra,062067547355,ALCOHOL,,,UNIT,3.49,0.0,0.0,2026-04-14,,Y,sold only,7.0,13.0,51.27,2026-07-22,2026-08-25,9,DUP-06,MIGRATE
979,P-1979,DRINKS ZERO SUGAR 710,067000107467,DRINKS,,,UNIT,3.49,0.0,0.0,2026-04-14,,Y,sold only,12.0,13.0,51.23,2026-05-21,2026-07-25,40,,MIGRATE
5156,P-6156,POWER ADE FRUIT PUNCH,06748605,DRINKS,,,UNIT,3.49,0.0,2.0,2026-04-14,,Y,sold only,13.0,13.0,51.22,2026-06-14,2026-08-26,8,,MIGRATE
23520,P-23520,Yellowtail chardonnay,839743000028,Wine,Yellowtail,,UNIT,14.86,0.0,0.0,2026-07-08,Y,Y,both,2.0,3.0,50.97,2026-08-31,2026-09-03,0,,MIGRATE
5159,P-6159,POWER ADE ORANGE,06748702,DRINKS,,,UNIT,2.99,0.0,2.0,2026-04-14,,Y,sold only,15.0,15.0,50.7,2026-06-14,2026-08-20,14,,MIGRATE
23399,P-23399,Pepsi zero,069000013830,DRINKS,,,UNIT,2.99,0.0,0.0,2026-05-22,Y,Y,both,13.0,15.0,50.7,2026-05-26,2026-08-23,11,,MIGRATE
2466,P-3466,$50 K,804906050011,LOTTERY,,,UNIT,50.0,0.0,0.0,2026-04-14,,Y,sold only,1.0,1.0,50.0,2026-07-19,2026-07-19,46,,REVIEW - 2 units or fewer
19501,P-20501,LOTTO MAX $25,2280550025007,LOTTERY,,OLG,UNIT,25.0,0.0,1.0,2026-04-14,,Y,sold only,2.0,2.0,50.0,2026-05-12,2026-07-02,63,,REVIEW - 2 units or fewer
23564,P-23564,Fob,24564,GENERAL NO TAX,,,UNIT,25.0,0.0,0.0,2026-08-10,Y,Y,both,2.0,2.0,50.0,2026-08-10,2026-08-31,3,,REVIEW - 2 units or fewer
9844,P-10844,CELSIUS PEACH VIBE 330UNI,889392607277,DRINKS,,,UNIT,3.99,0.0,2.0,2026-04-14,,Y,sold only,9.0,11.0,49.61,2026-06-01,2026-07-16,49,,MIGRATE
9847,P-10847,CELSIUS TROPICAL 330UNI,889392607239,DRINKS,,,UNIT,3.99,0.0,2.0,2026-04-14,,Y,sold only,9.0,11.0,49.61,2026-06-01,2026-07-24,41,,MIGRATE
16625,P-17625,Steam Whistle,702915003014,DRINKS,Steam Whistle,,UNIT,3.89,0.0,0.0,2026-04-14,,Y,sold only,5.0,11.0,49.47,2026-05-31,2026-07-29,36,,MIGRATE
23532,P-23532,Mikes Hard Blue Freeze,062067379239,R.T.D.,mikes,,UNIT,3.49,0.0,0.0,2026-07-16,Y,Y,both,9.0,12.0,48.5,2026-07-30,2026-08-29,5,,MIGRATE
19313,P-20313,649/LIGHTING LOTTO,2280550008000,LOTTERY,,OLG,UNIT,8.0,0.0,1.0,2026-04-14,,Y,sold only,6.0,6.0,48.0,2026-04-17,2026-07-20,45,,MIGRATE
2170,P-3170,OCB KS,30065505,TOBACCO,,,UNIT,2.5,0.0,0.0,2026-04-14,,Y,sold only,15.0,17.0,47.96,2026-04-20,2026-08-13,21,,MIGRATE
23495,P-23495,La Petite Danish,055598622103,COOKIES,La Petite,,UNIT,2.5,0.0,0.0,2026-06-22,Y,Y,both,15.0,17.0,47.96,2026-06-27,2026-08-29,5,,MIGRATE
23565,P-23565,Arizona Rizzler berry,613008775728,DRINKS,Arizona,,UNIT,2.65,0.0,0.0,2026-08-12,Y,Y,both,15.0,16.0,47.85,2026-08-12,2026-09-01,2,,MIGRATE
7420,P-8420,G ORANGE 591UNI,055577420249,DRINKS,,,UNIT,3.1,1.66,2.0,2026-04-14,,Y,sold only,11.0,14.0,47.69,2026-05-07,2026-07-31,34,,MIGRATE
23408,P-23408,Honest Lot,048162018495,Wine,,,UNIT,13.68,0.0,0.0,2026-05-25,Y,Y,both,3.0,3.0,46.98,2026-05-25,2026-08-20,14,,MIGRATE
23324,P-23324,Jackson Triggs 1.5l,063657036563,Wine,,,UNIT,20.45,0.0,0.0,2026-04-16,Y,Y,both,2.0,2.0,46.62,2026-04-29,2026-05-08,118,,REVIEW - no sale in 90+ days
23422,P-23422,Mad Tom IPA,628669010101,Beer,,,UNIT,3.99,0.0,0.0,2026-06-04,Y,Y,both,8.0,10.0,46.34,2026-06-11,2026-08-14,20,,MIGRATE
5315,P-6315,AIRHEADS 15.6G WATER MELON,073390002039,"CANDY,GUMS & CHOCOLATES",,,UNIT,0.88,0.0,5.0,2026-04-14,,Y,sold only,27.0,67.0,45.3,2026-04-20,2026-08-28,6,,MIGRATE
23438,P-23438,Tide,030772176368,GENERAL ITMES,,,UNIT,7.99,0.0,0.0,2026-06-11,Y,Y,both,5.0,5.0,45.15,2026-06-12,2026-08-03,31,DUP-03,MIGRATE
22828,P-23828,LAYS MAGIC MASALA 200GM,060410079980,CHIPS,lays,,UNIT,4.99,2.99,0.0,2026-04-14,,Y,sold only,8.0,8.0,45.12,2026-06-01,2026-09-02,1,,MIGRATE
23383,P-23383,Lays 200g,060410079942,GROCERY,,,UNIT,4.99,0.0,0.0,2026-05-18,Y,Y,both,7.0,8.0,45.12,2026-05-18,2026-07-21,44,,MIGRATE
5165,P-6165,SPRITE 2L,06750600,DRINKS,,,UNIT,3.99,0.0,2.0,2026-04-14,,Y,sold only,10.0,10.0,45.1,2026-04-26,2026-07-07,58,,MIGRATE
4042,P-5042,MACDONALD ORIGINAL 20 KS,060100035159,TOBACCO,,,UNIT,13.27,0.0,10.0,2026-04-14,,Y,sold only,3.0,3.0,45.0,2026-04-22,2026-07-24,41,,MIGRATE
19314,P-20314,POKER LOTTO,2280550009007,LOTTERY,,OLG,UNIT,9.0,0.0,1.0,2026-04-14,,Y,sold only,5.0,5.0,45.0,2026-05-06,2026-05-27,99,,REVIEW - no sale in 90+ days
3595,P-4595,excel white bubble gum gum,064900409554,"CANDY,GUMS & CHOCOLATES",,,UNIT,2.21,0.0,2.0,2026-04-14,,Y,sold only,12.0,18.0,44.98,2026-04-18,2026-07-31,34,,MIGRATE
9047,P-10047,FANTA 2L OR,067000011641,DRINKS,,,UNIT,4.43,0.0,2.0,2026-04-14,,Y,sold only,8.0,9.0,43.59,2026-05-18,2026-08-16,18,,MIGRATE
2497,P-3497,fanta can,067000011559,DRINKS,DRINKS,,UNIT,1.33,0.0,0.0,2026-04-14,,Y,sold only,27.0,29.0,43.52,2026-04-22,2026-09-02,1,,MIGRATE
5707,P-6707,Halls cherry flavour sugarfree,057700229958,"CANDY,GUMS & CHOCOLATES",,,UNIT,2.25,0.0,2.0,2026-04-14,,Y,sold only,17.0,17.0,43.17,2026-05-08,2026-09-01,2,,MIGRATE
4804,P-5804,TWIX,058496352776,"CANDY,GUMS & CHOCOLATES",,,UNIT,1.99,0.0,5.0,2026-04-14,,Y,sold only,18.0,19.0,43.0,2026-04-16,2026-08-05,29,,MIGRATE
7608,P-8608,LAYS WAVY ORIGINAL 235G,060410047040,CHIPS & SNACKS,,,UNIT,5.39,3.44,2.0,2026-04-14,,Y,sold only,7.0,7.0,42.63,2026-06-04,2026-08-25,9,,MIGRATE
9181,P-10181,HUBBA BUBBA MX ORI,064900000881,"CANDY,GUMS & CHOCOLATES",,,UNIT,2.49,0.0,2.0,2026-04-14,,Y,sold only,13.0,15.0,42.17,2026-05-28,2026-09-03,0,,MIGRATE
23370,P-23370,Sour Cream Onion 68g,064100852624,CHIPS,pringles,,UNIT,2.66,0.0,0.0,2026-04-24,Y,Y,both,12.0,14.0,42.13,2026-05-09,2026-08-31,3,,MIGRATE
5735,P-6735,CENTURY SAM,060100004735,VAPE & CIGAR,,,UNIT,9.29,0.0,2.0,2026-04-14,,Y,sold only,3.0,4.0,42.0,2026-04-28,2026-05-04,122,,REVIEW - no sale in 90+ days
7710,P-8710,CAMEL ORIGINAL KS 20,060100005039,TOBACCO,,,UNIT,12.17,0.0,2.0,2026-04-14,,Y,sold only,3.0,3.0,41.25,2026-06-20,2026-08-24,10,,MIGRATE
5232,P-6232,POPSICLE LIFE SAVER,055000600460,ICE CREAMS,,,UNIT,2.79,0.0,2.0,2026-04-14,,Y,sold only,10.0,13.0,40.98,2026-04-27,2026-08-27,7,,MIGRATE
17932,P-18932,CABLE,063252389491,PARTY STUFF,,,UNIT,5.99,0.0,2.0,2026-04-14,,Y,sold only,6.0,6.0,40.62,2026-07-07,2026-08-28,6,DUP-11,MIGRATE
23547,P-23547,VB Lighter,705833099633,LIGHTER,,,UNIT,3.99,0.0,0.0,2026-07-28,Y,Y,both,9.0,9.0,40.59,2026-08-03,2026-09-02,1,,MIGRATE
2142,P-3142,soda club,06224318,DRINKS,canada dry,,UNIT,1.33,0.0,0.0,2026-04-14,,Y,sold only,16.0,27.0,40.55,2026-04-25,2026-08-22,12,,MIGRATE
23534,P-23534,Nutrl Grape,062067392771,R.T.D.,,,UNIT,3.49,0.0,0.0,2026-07-16,Y,Y,both,8.0,10.0,40.42,2026-07-18,2026-08-26,8,,MIGRATE
5300,P-6300,NERDS GRAPE 46.7G,079200370107,"CANDY,GUMS & CHOCOLATES",,,UNIT,2.21,0.0,3.0,2026-04-14,,Y,sold only,15.0,16.0,39.99,2026-04-18,2026-09-01,2,,MIGRATE
5284,P-6284,MAYNARDS SOUR PATCH KIDS 60G,057700221921,"CANDY,GUMS & CHOCOLATES",,,UNIT,2.21,0.0,1.0,2026-04-14,,Y,sold only,13.0,16.0,39.97,2026-04-18,2026-06-28,67,,MIGRATE
23497,P-23497,Brust Protien Coffee,990309700452,DRINKS,Brust,,UNIT,3.2,0.0,0.0,2026-06-22,Y,Y,both,11.0,11.0,39.82,2026-06-29,2026-09-02,1,,MIGRATE
4695,P-5695,PRINGLES BBQ,064100111370,CHIPS & SNACKS,,,UNIT,4.99,0.0,2.0,2026-04-14,,Y,sold only,6.0,7.0,39.48,2026-04-16,2026-08-02,32,,MIGRATE
16437,P-17437,ARTIC VIBE,889392001877,DRINKS,Celsius,,UNIT,4.99,4.99,0.0,2026-04-14,,Y,sold only,7.0,7.0,39.48,2026-06-05,2026-08-06,28,,MIGRATE
23331,P-23331,lays classic,060410050910,CHIPS,,,UNIT,1.0,0.0,0.0,2026-04-16,Y,Y,both,27.0,34.0,38.42,2026-04-26,2026-08-30,4,,MIGRATE
5017,P-6017,G2 ORANGE   591UNI,055577420928,DRINKS,,,UNIT,3.1,0.0,2.0,2026-04-14,,Y,sold only,11.0,11.0,38.02,2026-06-05,2026-09-02,1,,MIGRATE
21191,P-22191,ensure 50%less sugar,055325002178,GROCERY NO TAX,coremark,,UNIT,3.75,9.99,0.0,2026-04-14,,Y,sold only,9.0,10.0,37.5,2026-05-03,2026-05-29,97,,REVIEW - no sale in 90+ days
2944,P-3944,Jalapeno CHIPS & SNACKS,060410046753,CHIPS & SNACKS,Miss Vickies Jalapeno,,UNIT,0.0,0.0,4.0,2026-04-14,,Y,sold only,6.0,6.0,37.32,2026-04-16,2026-08-28,6,,MIGRATE
23364,P-23364,Tide Original 1L,030772121191,GROCERY,tide,,UNIT,10.99,0.0,0.0,2026-04-19,Y,Y,both,3.0,3.0,37.26,2026-05-02,2026-05-09,117,,REVIEW - no sale in 90+ days
4865,P-5865,RAW KS,716165177357,VAPE & CIGAR,,,UNIT,3.2,0.0,16.0,2026-04-14,,Y,sold only,9.0,10.0,36.19,2026-04-28,2026-08-27,7,,MIGRATE
23461,P-23461,Hoco Charger,6942007652056,Electronics - My top gift,,,UNIT,15.99,0.0,0.0,2026-06-19,Y,Y,both,2.0,2.0,36.14,2026-06-26,2026-08-03,31,DUP-12,REVIEW - 2 units or fewer
23231,P-23231,Eska,671785100034,GROCERY,,,UNIT,2.66,0.0,0.0,2026-04-15,Y,Y,both,12.0,12.0,36.12,2026-05-11,2026-08-21,13,,MIGRATE
23546,P-23546,Special Blue,811490251823,LIGHTER,,,UNIT,7.99,0.0,0.0,2026-07-28,Y,Y,both,4.0,4.0,36.12,2026-08-01,2026-08-15,19,,MIGRATE
23299,P-23299,Bounty plus,030772201565,GROCERY,,,UNIT,3.99,0.0,0.0,2026-04-16,Y,Y,both,8.0,8.0,36.08,2026-04-19,2026-06-30,65,,MIGRATE
4980,P-5980,CRUSH ORANGE,05660106,DRINKS,,,UNIT,1.33,0.0,2.0,2026-04-14,,Y,sold only,21.0,24.0,36.03,2026-04-18,2026-08-28,6,,MIGRATE
3537,P-4537,Mentos fruit,073390000165,"CANDY,GUMS & CHOCOLATES",,,UNIT,1.99,0.0,2.0,2026-04-14,,Y,sold only,16.0,16.0,36.0,2026-05-03,2026-08-14,20,,MIGRATE
23288,P-23288,Tetley Orange Pekoe,057174122137,GROCERY NO TAX,,,UNIT,5.99,0.0,0.0,2026-04-16,Y,Y,both,6.0,6.0,35.94,2026-04-30,2026-08-29,5,,MIGRATE
9649,P-10649,TEREA BIRCHA FOR IIUMA 54,061900602220,TOBACCO,,,UNIT,31.49,0.0,2.0,2026-04-14,,Y,sold only,1.0,1.0,35.58,2026-05-07,2026-05-07,119,,REVIEW - no sale in 90+ days
23328,P-23328,Doritos nacho,060410020203,CHIPS,,,UNIT,1.0,0.0,0.0,2026-04-16,Y,Y,both,26.0,31.0,35.03,2026-04-19,2026-08-31,3,,MIGRATE
2032,P-3032,CHOCC,06796038,GROCERY NO TAX,CUPCAKES,,UNIT,2.5,0.0,0.0,2026-04-14,,Y,sold only,13.0,14.0,35.0,2026-04-21,2026-08-18,16,,MIGRATE
4774,P-5774,NESTLE AERO,059800000116,"CANDY,GUMS & CHOCOLATES",,,UNIT,2.21,0.0,5.0,2026-04-14,,Y,sold only,14.0,14.0,35.0,2026-04-22,2026-09-01,2,,MIGRATE
23543,P-23543,Patty Combo,24543,FOOD ITMES,,,UNIT,3.1,0.0,0.0,2026-07-24,Y,Y,both,10.0,10.0,35.0,2026-08-03,2026-09-03,0,,MIGRATE
23527,P-23527,Twisted Tea Part Pack,087692023425,R.T.D.,,,UNIT,29.99,0.0,0.0,2026-07-14,Y,Y,both,1.0,1.0,33.89,2026-08-25,2026-08-25,9,,REVIEW - 2 units or fewer
23306,P-23306,Clorox,055500017294,GROCERY,,,UNIT,5.99,0.0,0.0,2026-04-16,Y,Y,both,5.0,5.0,33.85,2026-05-01,2026-08-01,33,DUP-13,MIGRATE
23378,P-23378,Lays Hot N Sweet,060410080054,CHIPS,,,UNIT,4.99,0.0,0.0,2026-05-10,Y,Y,both,6.0,6.0,33.84,2026-07-04,2026-08-23,11,,MIGRATE
20852,P-21852,FULL KING SIZE 25,060100045844,JTI VAPE & CIGARATE,,CAMEL,UNIT,14.82,0.0,1.0,2026-04-14,,Y,sold only,1.0,2.0,33.49,2026-06-29,2026-06-29,66,,REVIEW - 2 units or fewer
55,P-1055,"Raw 1 1/4"" Black",716165280965,VAPE & CIGAR,RAW,,UNIT,2.65,0.0,25.0,2026-04-14,,Y,sold only,11.0,11.0,32.89,2026-04-21,2026-08-28,6,,MIGRATE
3666,P-4666,halls regular,057700229972,"CANDY,GUMS & CHOCOLATES",,,UNIT,2.21,0.0,2.0,2026-04-14,,Y,sold only,13.0,13.0,32.5,2026-04-26,2026-07-26,39,,MIGRATE
5277,P-6277,SKITTLESSOUR 51G,058496894917,"CANDY,GUMS & CHOCOLATES",,,UNIT,2.21,0.0,1.0,2026-04-14,,Y,sold only,13.0,13.0,32.5,2026-04-15,2026-08-18,16,,MIGRATE
111,P-1111,"OCB premium Black1 1/4""",30052765,VAPE & CIGAR,OCB,,UNIT,1.77,0.0,25.0,2026-04-14,,Y,sold only,13.0,16.0,32.0,2026-04-21,2026-08-17,17,,MIGRATE
23386,P-23386,Tide,030772176351,GROCERY,,,UNIT,7.99,0.0,0.0,2026-05-18,Y,Y,both,4.0,4.0,31.92,2026-05-30,2026-06-13,82,DUP-03,MIGRATE
23210,P-23210,guniess 4 pack,083820123609,Beer,,,UNIT,14.98,0.0,0.0,2026-04-15,Y,Y,both,2.0,2.0,31.68,2026-05-21,2026-07-04,61,,REVIEW - 2 units or fewer
23329,P-23329,Cheetos puffs,060410020197,CHIPS,,,UNIT,1.0,0.0,0.0,2026-04-16,Y,Y,both,21.0,28.0,31.64,2026-04-30,2026-08-29,5,,MIGRATE
23496,P-23496,Tonkotsu,031146056262,GROCERY,Nongshim,,UNIT,4.0,0.0,0.0,2026-06-22,Y,Y,both,7.0,7.0,31.64,2026-06-26,2026-09-02,1,,MIGRATE
3580,P-4580,juicy fruit original,064900409653,"CANDY,GUMS & CHOCOLATES",,,UNIT,2.21,0.0,2.0,2026-04-14,,Y,sold only,14.0,14.0,31.5,2026-04-17,2026-08-19,15,,MIGRATE
23573,P-23573,Fax Premium,5741000465684,Beer,Fax,,UNIT,2.99,0.0,0.0,2026-08-21,Y,Y,both,5.0,9.0,31.32,2026-08-25,2026-08-27,7,,MIGRATE
5018,P-6018,G2 FRUIT PUNCH 591UNI,055577420935,DRINKS,,,UNIT,3.1,0.0,2.0,2026-04-14,,Y,sold only,9.0,9.0,31.02,2026-06-05,2026-09-02,1,,MIGRATE
19476,P-20476,LOTTO 649 $31,2280550031008,LOTTERY,,OLG,UNIT,31.0,0.0,1.0,2026-04-14,,Y,sold only,1.0,1.0,31.0,2026-05-08,2026-05-08,118,,REVIEW - no sale in 90+ days
5272,P-6272,"M & M CANDY,GUMS & CHOCOLATES 48G",058496812317,"CANDY,GUMS & CHOCOLATES",,,UNIT,2.49,0.0,1.0,2026-04-14,,Y,sold only,10.0,11.0,30.92,2026-04-15,2026-08-05,29,,MIGRATE
5704,P-6704,HALLS EXTRA FORT,057700212752,"CANDY,GUMS & CHOCOLATES",,,UNIT,2.25,0.0,5.0,2026-04-14,,Y,sold only,12.0,12.0,30.48,2026-05-01,2026-08-29,5,,MIGRATE
9677,P-10677,RUFFLES CHEDDAR & SOUR CREAM,060410075098,CHIPS & SNACKS,Frito lay,,UNIT,5.39,0.0,0.0,2026-04-14,,Y,sold only,5.0,5.0,30.45,2026-06-19,2026-07-25,40,,MIGRATE
5462,P-6462,ORVILLE BUTTER,058807489092,GROCERY NO TAX,,,UNIT,1.69,0.0,2.0,2026-04-14,,Y,sold only,13.0,18.0,30.42,2026-04-21,2026-08-13,21,,MIGRATE
23549,P-23549,Schweppers Ginger ale,016600000760,DRINKS,Schweppers,,UNIT,2.99,0.0,0.0,2026-07-30,Y,Y,both,9.0,9.0,30.42,2026-07-31,2026-09-02,1,,MIGRATE
23517,P-23517,Bubly Blueberry,069000161098,DRINK/SLUSHY,Bubly,Blue Berry,UNIT,2.99,0.0,0.0,2026-07-05,Y,Y,both,1.0,9.0,30.41,2026-08-15,2026-08-15,19,,MIGRATE
23429,P-23429,Nestle Parlour French Vanille,055000893008,DAIRY PRODUCTS,,,UNIT,7.5,0.0,0.0,2026-06-10,Y,Y,both,4.0,4.0,30.0,2026-06-23,2026-08-30,4,,MIGRATE
23430,P-23430,Nestle Parlour Vanilla,055000893053,DAIRY PRODUCTS,,,UNIT,7.5,0.0,0.0,2026-06-10,Y,Y,both,4.0,4.0,30.0,2026-06-14,2026-09-02,1,,MIGRATE
23465,P-23465,Van dens earphones,5060674507675,Electronics - My top gift,,,UNIT,12.99,0.0,0.0,2026-06-19,Y,Y,both,2.0,2.0,29.36,2026-07-06,2026-07-08,57,DUP-05,REVIEW - 2 units or fewer
4877,P-5877,PALL MALL FULL RG 20,059300024742,GROCERY NO TAX,,,UNIT,14.5,0.0,8.0,2026-04-14,,Y,sold only,2.0,2.0,29.0,2026-06-29,2026-07-21,44,,REVIEW - 2 units or fewer
23454,P-23454,Hoco Headset wireless BT,6942007647809,Electronics - My top gift,,,UNIT,24.99,0.0,0.0,2026-06-19,Y,Y,both,1.0,1.0,28.24,2026-08-17,2026-08-17,17,,REVIEW - 2 units or fewer
16061,P-17061,Natural springwater 500ml,060383653293,GROCERY NO TAX,Pc,,UNIT,0.0,0.0,0.0,2026-04-14,,Y,sold only,21.0,28.0,28.0,2026-05-04,2026-05-23,103,,REVIEW - no sale in 90+ days
19525,P-20525,2 DRAW 649,2280550014001,LOTTERY,,OLG,UNIT,14.0,0.0,1.0,2026-04-14,,Y,sold only,2.0,2.0,28.0,2026-05-19,2026-07-20,45,,REVIEW - 2 units or fewer
1118,P-2118,EXCEL POLAR,064900000447,CHIPS & SNACKS,,,UNIT,2.21,0.0,0.0,2026-04-14,,Y,sold only,11.0,11.0,27.5,2026-05-03,2026-08-20,14,,MIGRATE
8209,P-9209,ARIZONA FRT PUNCH 680UNI,613008766795,DRINKS,,,UNIT,2.43,0.0,2.0,2026-04-14,,Y,sold only,10.0,10.0,27.5,2026-04-20,2026-06-15,80,,MIGRATE
4792,P-5792,NESTLE GENERAL ITEMS CRISP,059800000215,"CANDY,GUMS & CHOCOLATES",,,UNIT,2.21,0.0,5.0,2026-04-14,,Y,sold only,11.0,12.0,27.25,2026-04-24,2026-09-01,2,,MIGRATE
23348,P-23348,BOTTLE DEPOSIT,24348,GENERAL NO TAX,,,UNIT,0.1,0.0,0.0,2026-04-17,Y,Y,both,54.0,272.0,27.2,2026-04-17,2026-08-21,13,,MIGRATE
23560,P-23560,Tide Matic,4987176179906,GENERAL ITEMS,,,UNIT,7.99,0.0,0.0,2026-08-08,Y,Y,both,3.0,3.0,27.09,2026-08-26,2026-08-31,3,,MIGRATE
3320,P-4320,Lip Medex,04138891,HEALTH & BEAUTY,,,UNIT,3.99,0.0,2.0,2026-04-14,,Y,sold only,4.0,6.0,27.06,2026-05-01,2026-08-19,15,,MIGRATE
5164,P-6164,COKE DIET 2L,06789709,DRINKS,,,UNIT,3.99,0.0,2.0,2026-04-14,,Y,sold only,6.0,6.0,27.06,2026-05-10,2026-08-21,13,,MIGRATE
5214,P-6214,Nestle drumstick strawberry,055000174565,ICE CREAMS,,,UNIT,3.99,0.0,2.0,2026-04-14,,Y,sold only,5.0,6.0,27.06,2026-06-12,2026-08-21,13,,MIGRATE
23566,P-23566,Monster Energy drink,070847900177,ENERGY DRINK,,,UNIT,3.99,0.0,0.0,2026-08-13,Y,Y,both,5.0,6.0,27.06,2026-08-13,2026-08-30,4,,MIGRATE
3563,P-4563,5 gum rain,064900408380,"CANDY,GUMS & CHOCOLATES",,,UNIT,3.09,0.0,2.0,2026-04-14,,Y,sold only,7.0,8.0,27.04,2026-05-17,2026-08-18,16,,MIGRATE
5011,P-6011,G ZERO BERRY  591UNI,057271162609,DRINKS,,,UNIT,2.99,0.0,2.0,2026-04-14,,Y,sold only,7.0,8.0,27.04,2026-06-13,2026-07-07,58,,MIGRATE
5013,P-6013,G ZERO ORANGE 591UNI,057271162562,DRINKS,,,UNIT,2.99,0.0,2.0,2026-04-14,,Y,sold only,8.0,8.0,27.04,2026-04-30,2026-05-28,98,,REVIEW - no sale in 90+ days
23225,P-23225,Canada dry 710,06221010,DRINKS,,,UNIT,2.99,0.0,0.0,2026-04-15,Y,Y,both,8.0,8.0,27.04,2026-04-16,2026-05-25,101,,REVIEW - no sale in 90+ days
23415,P-23415,Brioche Bun,059243002302,GROCERY NO TAX,,,UNIT,4.5,0.0,0.0,2026-05-31,Y,Y,both,5.0,6.0,27.0,2026-06-09,2026-08-04,30,,MIGRATE
2904,P-3904,Phillies strawberry 5pk,070235629512,TOBACCO,,,UNIT,11.73,0.0,0.0,2026-04-14,,Y,sold only,2.0,2.0,26.5,2026-06-19,2026-06-28,67,,REVIEW - 2 units or fewer
3134,P-4134,Mr GENERAL ITEMS chicken,059491002505,GROCERY NO TAX,,,UNIT,2.0,0.0,2.0,2026-04-14,,Y,sold only,7.0,13.0,26.0,2026-05-07,2026-08-12,22,,MIGRATE
23223,P-23223,Great Value 500ml Water,605388881243,WATER,,,UNIT,1.0,0.0,0.0,2026-04-15,Y,Y,both,23.0,26.0,26.0,2026-04-16,2026-07-24,41,,MIGRATE
23522,P-23522,Nescafe Gold,055000383998,GROCERY NO TAX,,,UNIT,13.0,0.0,0.0,2026-07-11,Y,Y,both,2.0,2.0,26.0,2026-07-29,2026-08-27,7,,REVIEW - 2 units or fewer
23330,P-23330,Ruffles,060410021842,CHIPS,,,UNIT,1.0,0.0,0.0,2026-04-16,Y,Y,both,21.0,23.0,25.99,2026-05-02,2026-08-23,11,,MIGRATE
23468,P-23468,Van dens Power bank,5056594171195,Electronics - My top gift,,,UNIT,22.99,0.0,0.0,2026-06-19,Y,Y,both,1.0,1.0,25.98,2026-08-05,2026-08-05,29,DUP-14,REVIEW - 2 units or fewer
23506,P-23506,Mini HX61,6942007652629,ELECTRONICS,hoco,,UNIT,22.99,0.0,0.0,2026-07-03,Y,Y,both,1.0,1.0,25.98,2026-07-06,2026-07-06,59,,REVIEW - 2 units or fewer
3052,P-4052,Maxwell Original,066188004698,GROCERY NO TAX,,,UNIT,8.99,0.0,2.0,2026-04-14,,Y,sold only,3.0,3.0,25.97,2026-06-03,2026-07-23,42,,MIGRATE
23449,P-23449,Hoco Adapter,6931474798695,Electronics - My top gift,,,UNIT,22.99,0.0,0.0,2026-06-19,Y,Y,both,1.0,1.0,25.41,2026-08-30,2026-08-30,4,,REVIEW - 2 units or fewer
7037,P-8037,RAW ROLLING PAPERS 1.1/4 SIZE,716165177319,TOBACCO,,,UNIT,2.21,0.0,2.0,2026-04-14,,Y,sold only,9.0,10.0,24.99,2026-04-26,2026-08-20,14,,MIGRATE
5814,P-6814,SMARTFOOD MOVIE NIGHT BUTTER,060410029909,CHIPS & SNACKS,,,UNIT,5.5,0.0,2.0,2026-04-14,,Y,sold only,4.0,4.0,24.88,2026-04-24,2026-06-25,70,,MIGRATE
23554,P-23554,Air heads soda Watermelon,860013906214,DRINKS,,,UNIT,2.75,0.0,0.0,2026-08-08,Y,Y,both,7.0,8.0,24.88,2026-08-08,2026-09-01,2,,MIGRATE
23555,P-23555,Air heads strawberry,860013906221,DRINKS,,,UNIT,2.75,0.0,0.0,2026-08-08,Y,Y,both,6.0,8.0,24.88,2026-08-16,2026-08-31,3,,MIGRATE
2939,P-3939,regular CHIPS & SNACKS,060410047217,CHIPS & SNACKS,Frito lay,,UNIT,5.49,3.17,4.0,2026-04-14,,Y,sold only,4.0,4.0,24.8,2026-05-02,2026-06-28,67,,MIGRATE
23323,P-23323,Bodacious 1.5l,063657033678,Wine,,,UNIT,21.65,0.0,0.0,2026-04-16,Y,Y,both,1.0,1.0,24.66,2026-04-26,2026-04-26,130,,REVIEW - no sale in 90+ days
2953,P-3953,Smart food,060410029886,CHIPS & SNACKS,Frito lay,,UNIT,5.39,0.0,4.0,2026-04-14,,Y,sold only,4.0,4.0,24.36,2026-07-24,2026-08-30,4,,MIGRATE
6467,P-7467,DOR NCH CHS,060410054406,CHIPS & SNACKS,,,UNIT,5.39,3.36,3.0,2026-04-14,,Y,sold only,4.0,4.0,24.36,2026-05-02,2026-06-28,67,,MIGRATE
1064,P-2064,SCHWEPPES 2LT,016600000395,DRINKS,,,UNIT,4.29,0.0,0.0,2026-04-14,,Y,sold only,4.0,5.0,24.25,2026-05-02,2026-08-01,33,,MIGRATE
2937,P-3937,Sour cream & Onion CHIPS & SNACKS,060410047248,CHIPS & SNACKS,Frito lay,,UNIT,5.5,3.17,4.0,2026-04-14,,Y,sold only,4.0,4.0,24.25,2026-04-19,2026-06-23,72,,MIGRATE
4827,P-5827,JACK LIKS PEPPRONI 22G,017082879035,"CANDY,GUMS & CHOCOLATES",,,UNIT,1.33,0.0,5.0,2026-04-14,,Y,sold only,14.0,16.0,24.02,2026-04-24,2026-08-11,23,,MIGRATE
5873,P-6873,MR. GENERAL ITEMSS SPICY BEEF,059491000785,GROCERY NO TAX,,,UNIT,1.0,0.0,4.0,2026-04-14,,Y,sold only,9.0,24.0,24.0,2026-05-02,2026-07-18,47,,MIGRATE
16572,P-17572,sparemint,073390055905,GENERAL ITEMS,TRIDENT,,UNIT,2.99,0.0,0.0,2026-04-14,,Y,sold only,7.0,7.0,24.0,2026-04-17,2026-07-16,49,,MIGRATE
8608,P-9608,UNICO VEGITABLE OIL 3LT.,067800001026,GROCERY NO TAX,,,UNIT,11.99,0.0,0.0,2026-04-14,,Y,sold only,2.0,2.0,23.98,2026-05-20,2026-08-16,18,,REVIEW - 2 units or fewer
7370,P-8370,FRISKIES SALMON DINNER,056366006903,PET FOOD,,,UNIT,1.77,0.0,2.0,2026-04-14,,Y,sold only,7.0,13.0,23.78,2026-05-12,2026-08-22,12,,MIGRATE
23228,P-23228,Del monte orange,067311267188,DRINKS,,,UNIT,3.5,0.0,0.0,2026-04-15,Y,Y,both,5.0,6.0,23.75,2026-04-17,2026-08-20,14,,MIGRATE
3565,P-4565,5 gum prism,064900423987,"CANDY,GUMS & CHOCOLATES",,,UNIT,2.99,0.0,2.0,2026-04-14,,Y,sold only,7.0,7.0,23.66,2026-04-19,2026-08-16,18,,MIGRATE
3746,P-4746,10 SUPER FORT,627792003264,HEALTH & BEAUTY,,,UNIT,2.99,0.0,3.0,2026-04-14,,Y,sold only,7.0,7.0,23.66,2026-04-30,2026-08-29,5,,MIGRATE
4769,P-5769,HERSHEYS COOKIES & CRACKERS N CREME S,06811307,"CANDY,GUMS & CHOCOLATES",,,UNIT,2.87,0.0,5.0,2026-04-14,,Y,sold only,7.0,7.0,23.66,2026-04-23,2026-08-28,6,,MIGRATE
5012,P-6012,G ZERO LEMON LIM E  591UNI,057271162586,DRINKS,,,UNIT,2.99,0.0,2.0,2026-04-14,,Y,sold only,7.0,7.0,23.66,2026-05-03,2026-05-16,110,,REVIEW - no sale in 90+ days
23421,P-23421,Dr Pepper 710 ml,054900021092,DRINKS,,,UNIT,2.99,0.0,0.0,2026-06-03,Y,Y,both,7.0,7.0,23.66,2026-06-16,2026-08-03,31,,MIGRATE
4049,P-5049,EXPORT A FINE,060100009440,TOBACCO,,,UNIT,19.03,0.0,10.0,2026-04-14,,Y,sold only,1.0,1.0,23.65,2026-05-11,2026-05-11,115,,REVIEW - no sale in 90+ days
7535,P-8535,Nutella Bread Sticks,062020050526,"CANDY,GUMS & CHOCOLATES",,,UNIT,3.49,0.0,2.0,2026-04-14,,Y,sold only,5.0,6.0,23.65,2026-08-11,2026-09-02,1,,MIGRATE
3554,P-4554,ice vbreakers berry splash,06884701,"CANDY,GUMS & CHOCOLATES",,,UNIT,3.49,0.0,2.0,2026-04-14,,Y,sold only,6.0,6.0,23.64,2026-06-02,2026-09-03,0,,MIGRATE
23472,P-23472,Ven dens car mp3 player,5060674508108,Electronics - My top gift,,,UNIT,19.99,0.0,0.0,2026-06-19,Y,Y,both,1.0,1.0,22.59,2026-07-15,2026-07-15,50,,REVIEW - 2 units or fewer
23477,P-23477,Ven dens data cable,5060674508603,Electronics - My top gift,,,UNIT,9.99,0.0,0.0,2026-06-19,Y,Y,both,2.0,2.0,22.58,2026-07-25,2026-09-03,0,,REVIEW - 2 units or fewer
4692,P-5692,PRINGLES SOUR CREAM& ONION,064100111356,CHIPS & SNACKS,,,UNIT,4.99,0.0,2.0,2026-04-14,,Y,sold only,4.0,4.0,22.56,2026-04-17,2026-08-24,10,,MIGRATE
7432,P-8432,PAMOLIVE 828UNI,035000463036,HEALTH & BEAUTY,,,UNIT,3.99,0.0,2.0,2026-04-14,,Y,sold only,5.0,5.0,22.55,2026-05-09,2026-09-01,2,,MIGRATE
2084,P-3084,Big Daddy 100g,626233227023,GROCERY NO TAX,big daddy,,UNIT,0.0,0.0,0.0,2026-04-14,,Y,sold only,9.0,9.0,22.5,2026-04-19,2026-06-06,89,,MIGRATE
5189,P-6189,NESTLE BUTTERSCOTH SUNDAE,055000892964,DAIRY PRODUCTS,,,UNIT,7.5,0.0,2.0,2026-04-14,,Y,sold only,3.0,3.0,22.5,2026-06-28,2026-07-26,39,,MIGRATE
22896,P-23896,DENTYNE ICE SPEARMINT 12 PCS,073390055875,"CANDY,GUMS & CHOCOLATES",DENTYNE 12 PCS,,UNIT,1.99,1.0,0.0,2026-04-14,,Y,sold only,10.0,10.0,22.5,2026-04-18,2026-06-23,72,,MIGRATE
23229,P-23229,Nestea,990484000101,DRINKS NO TAX,,,UNIT,2.5,0.0,0.0,2026-04-15,Y,Y,both,9.0,9.0,22.5,2026-04-18,2026-06-13,82,,MIGRATE
23381,P-23381,Ensure drink,055325004011,GROCERY NO TAX,,,UNIT,3.75,0.0,0.0,2026-05-13,Y,Y,both,5.0,6.0,22.5,2026-05-13,2026-06-01,94,,REVIEW - no sale in 90+ days
23548,P-23548,Ensure Reg,055325004127,DRINKS,Ensure,,UNIT,3.31,0.0,0.0,2026-07-30,Y,Y,both,6.0,6.0,22.44,2026-07-30,2026-08-17,17,,MIGRATE
6006,P-7006,WRIGLEY'S DOUBLE MINT,064900409677,"CANDY,GUMS & CHOCOLATES",,,UNIT,3.29,0.0,2.0,2026-04-14,,Y,sold only,5.0,6.0,22.32,2026-04-23,2026-07-18,47,,MIGRATE
23578,P-23578,Maria Christina,063657047378,Wine,,,UNIT,19.3,0.0,0.0,2026-08-24,Y,Y,both,1.0,1.0,22.01,2026-08-29,2026-08-29,5,DUP-15,REVIEW - 2 units or fewer
19493,P-20493,LOTO MAX 2 DRAW.$22,2280550022006,LOTTERY,,OLG,UNIT,22.0,0.0,1.0,2026-04-14,,Y,sold only,1.0,1.0,22.0,2026-05-16,2026-05-16,110,,REVIEW - no sale in 90+ days
22383,P-23383,Pepto Bismol 100ML,301490002674,GROCERY NO TAX,coremark,,UNIT,7.0,0.0,0.0,2026-04-14,,Y,sold only,3.0,3.0,21.45,2026-07-31,2026-09-02,1,,MIGRATE
75,P-1075,High Tea Blunt Wraps Blueberry,751667206433,TOBACCO,HTL,,UNIT,3.1,0.0,25.0,2026-04-14,,Y,sold only,5.0,6.0,21.01,2026-05-03,2026-07-02,63,,MIGRATE
1010,P-2010,COOL RUNNINGS 500ML,624913000270,DRINKS,,,UNIT,2.65,0.0,0.0,2026-04-14,,Y,sold only,6.0,7.0,20.94,2026-06-20,2026-07-10,55,,MIGRATE
4790,P-5790,CADBURY CRUNCHIE,061200225952,"CANDY,GUMS & CHOCOLATES",,,UNIT,1.99,0.0,5.0,2026-04-14,,Y,sold only,8.0,9.0,20.5,2026-04-16,2026-08-26,8,,MIGRATE
23451,P-23451,Ven Dens Adapter,5056594172246,Electronics - My top gift,,,UNIT,17.99,0.0,0.0,2026-06-19,Y,Y,both,1.0,1.0,20.33,2026-07-25,2026-07-25,40,DUP-09,REVIEW - 2 units or fewer
3667,P-4667,halls honey lemon,057700628805,"CANDY,GUMS & CHOCOLATES",,,UNIT,2.25,0.0,2.0,2026-04-14,,Y,sold only,8.0,8.0,20.32,2026-05-08,2026-09-03,0,,MIGRATE
23366,P-23366,Haagen Dazs,055000201827,Ice cream,,,UNIT,8.99,0.0,0.0,2026-04-22,Y,Y,both,1.0,2.0,20.32,2026-06-18,2026-06-18,77,DUP-16,REVIEW - 2 units or fewer
3343,P-4343,Panasonic AA4,073096500235,HEALTH & BEAUTY,,,UNIT,2.99,0.99,2.0,2026-04-14,,Y,sold only,6.0,6.0,20.28,2026-06-08,2026-08-05,29,,MIGRATE
3344,P-4344,Panasonic AAA4,073096500273,HEALTH & BEAUTY,,,UNIT,2.99,1.29,2.0,2026-04-14,,Y,sold only,6.0,6.0,20.28,2026-05-25,2026-08-25,9,,MIGRATE
8247,P-9247,G ZERO GLACIER FREEZE,057271164122,DRINKS,,,UNIT,2.99,0.0,0.0,2026-04-14,,Y,sold only,6.0,6.0,20.28,2026-07-29,2026-08-05,29,,MIGRATE
9674,P-10674,MENTOS CINNAMONSTAIN SOFT BATHROOM TISSUE,771913677282,GROCERY,,,UNIT,2.99,0.0,0.0,2026-04-14,,Y,sold only,6.0,6.0,20.28,2026-04-28,2026-06-30,65,,MIGRATE
22689,P-23689,nutrl lemon 473 ml,628055589181,R.T.D.,LCBO,,UNIT,3.49,2.89,0.0,2026-04-14,,Y,sold only,4.0,5.0,20.21,2026-07-17,2026-08-17,17,,MIGRATE
1117,P-2117,EXCEL,064900000324,"CANDY,GUMS & CHOCOLATES",,,UNIT,2.21,0.0,0.0,2026-04-14,,Y,sold only,8.0,8.0,20.0,2026-05-05,2026-09-03,0,,MIGRATE
1910,P-2910,OASIS ORANGE 300 ML,067311020110,DRINKS,,,UNIT,1.77,0.0,0.0,2026-04-14,,Y,sold only,10.0,10.0,20.0,2026-06-06,2026-08-22,12,,MIGRATE
22135,P-23135,Heineken 6* 330Ml Bottle,2890000033,Beer,LCBO,,unit,17.5,15.81,0.0,2026-04-14,,Y,sold only,1.0,1.0,19.78,2026-05-17,2026-05-17,109,,REVIEW - no sale in 90+ days
2507,P-3507,powerade zero blue,06794604,DRINKS,DRINKS,,UNIT,3.49,0.0,0.0,2026-04-14,,Y,sold only,5.0,5.0,19.7,2026-08-08,2026-08-26,8,,MIGRATE
23442,P-23442,Melona strawberry,8801104948418,Ice cream,,,UNIT,2.49,0.0,0.0,2026-06-15,Y,Y,both,7.0,7.0,19.67,2026-06-20,2026-08-21,13,,MIGRATE
23227,P-23227,ting sparkling grape fruit,858629001065,DRINKS,,,UNIT,2.43,0.0,0.0,2026-04-15,Y,Y,both,6.0,7.0,19.24,2026-05-15,2026-08-20,14,,MIGRATE
17107,P-18107,Fuzion keepbest,742271563272,BONG AND PIPES,,,UNIT,16.99,0.0,0.0,2026-04-14,,Y,sold only,1.0,1.0,19.2,2026-06-29,2026-06-29,66,,REVIEW - 2 units or fewer
7745,P-8745,BEN & JERRY HALF BAKED,058779142759,ICE CREAMS,,,UNIT,8.99,0.0,2.0,2026-04-14,,Y,sold only,2.0,2.0,19.19,2026-05-05,2026-08-24,10,,REVIEW - 2 units or fewer
3999,P-4999,PLAYERS SMOOTH  20 KS,05934031,TOBACCO,,,UNIT,18.3,0.0,10.0,2026-04-14,,Y,sold only,1.0,1.0,19.0,2026-04-29,2026-04-29,127,,REVIEW - no sale in 90+ days
23196,P-23196,Ensure Protien Drink Chocolate,055325004295,DRINKS NO TAX,,,UNIT,3.75,0.0,0.0,2026-04-15,Y,Y,both,5.0,5.0,18.75,2026-05-14,2026-06-08,87,,MIGRATE
23511,P-23511,LADY SARAH Strawberry,063517038720,SNACK,Lady Sarah,,UNIT,3.29,0.0,0.0,2026-07-04,Y,Y,both,5.0,5.0,18.6,2026-08-08,2026-08-15,19,,MIGRATE
6746,P-7746,FRISKIES OCEAN WHITEFISH TUNA,056366006897,PET FOOD,,,UNIT,1.49,0.0,2.0,2026-04-14,,Y,sold only,5.0,11.0,18.51,2026-07-09,2026-08-18,16,,MIGRATE
3314,P-4314,Tylenol extra carry on,062600141118,GROCERY NO TAX,,,UNIT,6.0,2.69,2.0,2026-04-14,,Y,sold only,3.0,3.0,18.44,2026-05-17,2026-09-02,1,,MIGRATE
9678,P-10678,MISS VICKIES SOUR CREAM & ONION,060410073773,CHIPS & SNACKS,Frito lay,,UNIT,5.39,0.0,0.0,2026-04-14,,Y,sold only,3.0,3.0,18.27,2026-08-23,2026-08-31,3,,MIGRATE
23538,P-23538,Fanta 710,067000013874,DRINKS,,,UNIT,3.2,0.0,0.0,2026-07-16,Y,Y,both,5.0,5.0,18.1,2026-08-09,2026-08-26,8,,MIGRATE
23482,P-23482,Ven Dens Car holder,5056594115175,Electronics - My top gift,,,UNIT,15.99,0.0,0.0,2026-06-19,Y,Y,both,1.0,1.0,18.07,2026-07-15,2026-07-15,50,DUP-17,REVIEW - 2 units or fewer
3340,P-4340,Duracell AA4,041333415017,HEALTH & BEAUTY,,,UNIT,7.99,0.0,2.0,2026-04-14,,Y,sold only,2.0,2.0,18.06,2026-06-21,2026-07-10,55,,REVIEW - 2 units or fewer
23245,P-23245,Pringles Origianl 67g,064100852617,CHIPS & SNACKS,pringles,,UNIT,2.66,0.0,0.0,2026-04-16,Y,Y,both,6.0,6.0,18.06,2026-04-21,2026-06-17,78,,MIGRATE
282,P-1282,"Huer CANDY,GUMS & CHOCOLATES Cup Gummy 165g",771047240017,"CANDY,GUMS & CHOCOLATES",Huer,,UNIT,3.99,0.0,5.0,2026-04-14,,Y,sold only,3.0,4.0,18.04,2026-08-11,2026-08-28,6,,MIGRATE
3349,P-4349,Trojan naked,061700915445,HEALTH & BEAUTY,,,UNIT,3.99,2.39,2.0,2026-04-14,,Y,sold only,4.0,4.0,18.04,2026-05-02,2026-07-20,45,,MIGRATE
3352,P-4352,Magnum,061700912208,HEALTH & BEAUTY,,,UNIT,3.99,1.99,2.0,2026-04-14,,Y,sold only,4.0,4.0,18.04,2026-04-22,2026-08-29,5,,MIGRATE
5064,P-6064,DRINKS 7UP 2LT,06547339,DRINKS,,,UNIT,3.99,0.0,2.0,2026-04-14,,Y,sold only,4.0,4.0,18.04,2026-06-05,2026-07-24,41,,MIGRATE
23390,P-23390,Coconut milk beverage,628915831504,DRINKS,,,UNIT,3.99,0.0,0.0,2026-05-18,Y,Y,both,4.0,4.0,18.04,2026-06-05,2026-06-24,71,,MIGRATE
23504,P-23504,Real Kimchi Noodle,8801052043661,SNACK,Real Kimchi,,UNIT,3.99,0.0,0.0,2026-07-02,Y,Y,both,4.0,4.0,18.04,2026-07-02,2026-08-06,28,,MIGRATE
23551,P-23551,Solid Vibe,990312906957,ENERGY DRINK,,,UNIT,3.99,0.0,0.0,2026-08-07,Y,Y,both,3.0,4.0,18.04,2026-08-13,2026-08-26,8,DUP-18,MIGRATE
4862,P-5862,RAW TIPS,716165177395,VAPE & CIGAR,,,UNIT,1.77,0.0,16.0,2026-04-14,,Y,sold only,8.0,9.0,18.0,2026-05-23,2026-08-04,30,,MIGRATE
7219,P-8219,DUBBLE BUBBLR 6PCS,059642370002,"CANDY,GUMS & CHOCOLATES",,,UNIT,1.77,0.54,0.0,2026-04-14,,Y,sold only,7.0,9.0,18.0,2026-05-15,2026-07-25,40,,MIGRATE
22446,P-23446,http://pepsico.info/4yLCUx,069000158203,DRINKS,Bubly,,UNIT,2.99,0.0,0.0,2026-04-14,,Y,sold only,7.0,8.0,17.87,2026-06-21,2026-08-04,30,,MIGRATE
23561,P-23561,Old dutch,063474313496,GENERAL ITEMS,,,UNIT,7.89,0.0,0.0,2026-08-08,Y,Y,both,2.0,2.0,17.84,2026-08-17,2026-08-30,4,DUP-19,REVIEW - 2 units or fewer
23200,P-23200,Flying monkey velvet bubble load 473,870766000985,Beer,,,UNIT,3.99,0.0,0.0,2026-04-15,Y,Y,both,3.0,4.0,17.83,2026-05-08,2026-07-03,62,,MIGRATE
22750,P-23750,25D Lighter,705833099671,GENERAL ITEMS,lighter,,UNIT,1.5,1.0,0.0,2026-04-14,,Y,sold only,10.0,10.0,17.0,2026-04-16,2026-05-08,118,,REVIEW - no sale in 90+ days
4690,P-5690,PRINGLES SALT & VINEGAR,064100111417,CHIPS & SNACKS,,,UNIT,4.99,0.0,2.0,2026-04-14,,Y,sold only,3.0,3.0,16.92,2026-04-27,2026-06-24,71,,MIGRATE
7751,P-8751,NIBO BUTANE 162G,061740110121,HEALTH & BEAUTY,,,UNIT,4.99,0.0,2.0,2026-04-14,,Y,sold only,3.0,3.0,16.92,2026-06-10,2026-08-24,10,,MIGRATE
7899,P-8899,NERDS GUMMY CLUSTERS 142G,079200066369,"CANDY,GUMS & CHOCOLATES",,,UNIT,4.99,0.0,2.0,2026-04-14,,Y,sold only,3.0,3.0,16.92,2026-08-10,2026-08-22,12,,MIGRATE
23232,P-23232,Smoke it lighter,853195000542,LIGHTER,,,UNIT,4.99,0.0,0.0,2026-04-15,Y,Y,both,3.0,3.0,16.92,2026-04-19,2026-06-25,70,,MIGRATE
23313,P-23313,Old dutch,063474104179,GROCERY,,,UNIT,4.99,0.0,0.0,2026-04-16,Y,Y,both,3.0,3.0,16.92,2026-06-08,2026-09-02,1,DUP-19,MIGRATE
23498,P-23498,bounce 34,037000823322,OTHER,,,UNIT,4.99,0.0,0.0,2026-06-27,Y,Y,both,3.0,3.0,16.92,2026-06-30,2026-08-17,17,,MIGRATE
2171,P-3171,RW KS PH,716165174219,TOBACCO,,,UNIT,2.99,0.0,0.0,2026-04-14,,Y,sold only,5.0,5.0,16.9,2026-05-12,2026-08-14,20,,MIGRATE
8099,P-9099,G COOL BLUE 591UNI,055577420515,DRINKS,,,UNIT,2.99,0.0,2.0,2026-04-14,,Y,sold only,5.0,5.0,16.9,2026-04-16,2026-05-03,123,DUP-08,REVIEW - no sale in 90+ days
8851,P-9851,KOOL-AID LOLLIPOP DIPPERS,083933232878,"CANDY,GUMS & CHOCOLATES",,,UNIT,2.99,0.0,2.0,2026-04-14,,Y,sold only,4.0,5.0,16.9,2026-08-16,2026-08-28,6,,MIGRATE
22848,P-23848,BABY DIPPER SOUR  38G,060631932507,"CANDY,GUMS & CHOCOLATES",BABY DIPPER 38G,,Unit.,2.49,1.5,0.0,2026-04-14,,Y,sold only,5.0,6.0,16.87,2026-04-20,2026-07-10,55,,MIGRATE
5317,P-6317,AIRHEADS 15.6G BLUE RASPBERRY,073390002206,"CANDY,GUMS & CHOCOLATES",,,UNIT,0.53,0.0,5.0,2026-04-14,,Y,sold only,12.0,28.0,16.79,2026-04-20,2026-08-05,29,,MIGRATE
2459,P-3459,CAMEL SMOOTH LK,060100045295,TOBACCO,TOBACCO,,UNIT,14.82,0.0,0.0,2026-04-14,,Y,sold only,1.0,1.0,16.75,2026-05-20,2026-05-20,106,,REVIEW - no sale in 90+ days
4052,P-5052,LD BOLD KS 25,060100037641,TOBACCO,,,UNIT,14.82,0.0,10.0,2026-04-14,,Y,sold only,1.0,1.0,16.75,2026-05-16,2026-05-16,110,,REVIEW - no sale in 90+ days
4055,P-5055,LD SMOOTH KS 25,060100038037,TOBACCO,,,UNIT,14.82,0.0,10.0,2026-04-14,,Y,sold only,1.0,1.0,16.75,2026-04-20,2026-04-20,136,,REVIEW - no sale in 90+ days
23156,P-24156,COORS SELTZER SLUSHIE GRAPE 473ML,056327024069,R.T.D.,COORS 473ML,,UNIT,3.59,0.0,0.0,2026-04-14,,Y,sold only,4.0,4.0,16.64,2026-07-17,2026-08-22,12,,MIGRATE
9736,P-10736,ARIZONA PEACH,613008766917,DRINKS,,,UNIT,2.99,0.0,2.0,2026-04-14,,Y,sold only,5.0,5.0,16.27,2026-08-14,2026-09-03,0,,MIGRATE
22547,P-23547,Black Fly Sour Grape 473ML,883043000837,R.T.D.,LCBO,,UNIT,3.49,0.0,0.0,2026-04-14,,Y,sold only,3.0,4.0,16.17,2026-07-30,2026-08-19,15,,MIGRATE
23425,P-23425,Sun Cruiser,087692023470,R.T.D.,,,UNIT,3.49,0.0,0.0,2026-06-04,Y,Y,both,3.0,4.0,16.13,2026-06-10,2026-08-30,4,,MIGRATE
23508,P-23508,Oasis Red Grape,067311241218,GROCERY,OASIS,,UNIT,1.77,0.0,0.0,2026-07-03,Y,Y,both,6.0,8.0,16.0,2026-07-08,2026-08-31,3,,MIGRATE
5022,P-6022,G COOL CLUE 710UNI,055577421024,DRINKS,,,UNIT,3.5,0.0,2.0,2026-04-14,,Y,sold only,4.0,4.0,15.84,2026-05-01,2026-05-28,98,,REVIEW - no sale in 90+ days
3315,P-4315,Gravol easy to swallow,058738325513,HEALTH & BEAUTY,,,UNIT,6.99,3.39,2.0,2026-04-14,,Y,sold only,2.0,2.0,15.8,2026-06-12,2026-06-16,79,,REVIEW - 2 units or fewer
23443,P-23443,Gain Detergent liq.,030772247747,GENERAL ITEMS,Gain,,UNIT,6.99,0.0,0.0,2026-06-16,Y,Y,both,2.0,2.0,15.8,2026-06-17,2026-06-21,74,,REVIEW - 2 units or fewer
23515,P-23515,gain original,030772225813,GENERAL ITEMS,,,UNIT,6.99,0.0,0.0,2026-07-05,Y,Y,both,2.0,2.0,15.8,2026-07-17,2026-08-01,33,,REVIEW - 2 units or fewer
17678,P-18678,HARIBO GOLD BEARS 150G,4001686396452,SNACK,,,UNIT,3.49,0.0,0.0,2026-04-14,,Y,sold only,4.0,4.0,15.76,2026-05-18,2026-06-30,65,,MIGRATE
3355,P-4355,Glass rose,5421578602741,HEALTH & BEAUTY,,,UNIT,3.99,0.0,2.0,2026-04-14,,Y,sold only,4.0,4.0,15.4,2026-04-25,2026-07-19,46,,MIGRATE
19360,P-20360,$15/ 649,2280550015008,LOTTERY,,olg,UNIT,15.0,0.0,1.0,2026-04-14,,Y,sold only,1.0,1.0,15.0,2026-05-16,2026-05-16,110,,REVIEW - no sale in 90+ days
4772,P-5772,"HERSHEYS MILK CANDY,GUMS & CHOCOLATES",05663135,"CANDY,GUMS & CHOCOLATES",,,UNIT,2.87,0.0,5.0,2026-04-14,,Y,sold only,5.0,6.0,14.99,2026-06-06,2026-08-18,16,,MIGRATE
6686,P-7686,OREO THE ORIGINAL 270G,066721026590,GROCERY NO TAX,,,UNIT,4.99,0.0,2.0,2026-04-14,,Y,sold only,3.0,3.0,14.97,2026-05-02,2026-08-27,7,,MIGRATE
19109,P-20109,BUBLY MANGO,069000149478,DRINKS,,BUBLY,UNIT,1.64,0.0,1.0,2026-04-14,,Y,sold only,6.0,8.0,14.81,2026-05-31,2026-07-01,64,,MIGRATE
23246,P-23246,Pringles BBQ 68g,064100119352,CHIPS,pringles,,UNIT,2.66,0.0,0.0,2026-04-16,Y,Y,both,5.0,5.0,14.74,2026-04-19,2026-04-29,127,,REVIEW - no sale in 90+ days
20853,P-21853,LAYS BAR BQ 28G,060410009673,CHIPS,,LAYS,UNIT,1.0,0.0,0.0,2026-04-14,,Y,sold only,12.0,13.0,14.69,2026-05-21,2026-09-02,1,,MIGRATE
7794,P-8794,"RAID ANT,ROACH & EARWIG",062300017256,HEALTH & BEAUTY,,,UNIT,12.99,8.99,0.0,2026-04-14,,Y,sold only,1.0,1.0,14.68,2026-06-25,2026-06-25,70,,REVIEW - 2 units or fewer
23476,P-23476,Ven Dens,5060674507446,Electronics - My top gift,,,UNIT,12.99,0.0,0.0,2026-06-19,Y,Y,both,1.0,1.0,14.68,2026-07-02,2026-07-02,63,,REVIEW - 2 units or fewer
23485,P-23485,Ven Dens Car Holder,5056594152323,Electronics - My top gift,,,UNIT,12.99,0.0,0.0,2026-06-19,Y,Y,both,1.0,1.0,14.68,2026-07-06,2026-07-06,59,DUP-17,REVIEW - 2 units or fewer
2915,P-3915,royal,063435704073,HEALTH & BEAUTY,,,UNIT,4.29,0.0,0.0,2026-04-14,,Y,sold only,3.0,3.0,14.55,2026-08-10,2026-08-29,5,,MIGRATE
23536,P-23536,Gatorade,057271555845,DRINKS,,,UNIT,3.1,0.0,0.0,2026-07-16,Y,Y,both,2.0,4.0,14.01,2026-07-24,2026-07-27,38,DUP-20,MIGRATE
23414,P-23414,Rickards Red 473 ML,056327004948,Beer,,,UNIT,3.99,0.0,0.0,2026-05-31,Y,Y,both,3.0,3.0,13.83,2026-08-10,2026-08-15,19,,MIGRATE
23541,P-23541,Clamato Spicy,065912002795,R.T.D.,,,UNIT,3.99,0.0,0.0,2026-07-16,Y,Y,both,3.0,3.0,13.83,2026-08-13,2026-09-02,1,,MIGRATE
4815,P-5815,SESAME SNAPS,872590000155,"CANDY,GUMS & CHOCOLATES",,,UNIT,1.0,0.0,5.0,2026-04-14,,Y,sold only,7.0,12.0,13.56,2026-06-16,2026-08-18,16,,MIGRATE
20856,P-21856,RUFFELS CREAM ONION 28G,060410055076,CHIPS,,RUFFELS,UNIT,1.0,0.0,1.0,2026-04-14,,Y,sold only,10.0,12.0,13.56,2026-05-26,2026-08-23,11,,MIGRATE
30,P-1030,ZIPPO FLUID 355ML,041689301224,HEALTH & BEAUTY,ZIPPO,,UNIT,11.99,0.0,6.0,2026-04-14,,Y,sold only,1.0,1.0,13.55,2026-08-15,2026-08-15,19,,REVIEW - 2 units or fewer
23562,P-23562,Dettol,8901396354604,GENERAL ITEMS,,,UNIT,11.99,0.0,0.0,2026-08-08,Y,Y,both,1.0,1.0,13.55,2026-08-17,2026-08-17,17,,REVIEW - 2 units or fewer
518,P-1518,Cranberry juice Original 1.89l,031200445261,GROCERY,,,UNIT,5.99,0.0,4.0,2026-04-14,,Y,sold only,2.0,2.0,13.54,2026-05-17,2026-05-23,103,,REVIEW - no sale in 90+ days
3841,P-4841,speed stick,022200940214,HEALTH & BEAUTY,,,UNIT,5.99,2.69,1.0,2026-04-14,,Y,sold only,2.0,2.0,13.54,2026-06-01,2026-07-21,44,,REVIEW - 2 units or fewer
23290,P-23290,Noorani Hanna,813107000015,HEALTH & BEAUTY,,,UNIT,5.99,0.0,0.0,2026-04-16,Y,Y,both,2.0,2.0,13.54,2026-07-04,2026-07-25,40,DUP-21,REVIEW - 2 units or fewer
23377,P-23377,Oreo fam size,066721030054,COOKIES,,,UNIT,0.0,0.0,0.0,2026-05-09,Y,Y,both,2.0,2.0,13.54,2026-06-13,2026-08-16,18,,REVIEW - 2 units or fewer
1327,P-2327,CLASSIC DOUBLE EDGE BLADES,074809903008,HEALTH & BEAUTY,,,UNIT,3.99,0.0,0.0,2026-04-14,,Y,sold only,2.0,3.0,13.53,2026-07-31,2026-08-07,27,,MIGRATE
5057,P-6057,BRISK 2LT,069000015636,DRINKS,,,UNIT,3.99,1.96,2.0,2026-04-14,,Y,sold only,3.0,3.0,13.53,2026-07-03,2026-08-23,11,,MIGRATE
5169,P-6169,FRESCA   2L,06755508,DRINKS,,,UNIT,3.99,2.04,2.0,2026-04-14,,Y,sold only,3.0,3.0,13.53,2026-08-04,2026-08-15,19,,MIGRATE
7361,P-8361,DURACELL 2 PACK,041333215013,HEALTH & BEAUTY,,,UNIT,3.99,0.0,2.0,2026-04-14,,Y,sold only,3.0,3.0,13.53,2026-04-25,2026-08-23,11,,MIGRATE
8864,P-9864,FRITR ICED TEA,067311002994,DRINKS,,,UNIT,3.99,1.66,0.0,2026-04-14,,Y,sold only,3.0,3.0,13.53,2026-04-23,2026-08-28,6,,MIGRATE
20900,P-21900,20 INCH FOIL,057351222230,DAIRY PRODUCTS TAXABLE,,ALCAN,UNIT,3.99,0.0,1.0,2026-04-14,,Y,sold only,3.0,3.0,13.53,2026-07-07,2026-07-31,34,,MIGRATE
16989,P-17989,M&M MILK CHOC 87.9G,040000497523,"CANDY,GUMS & CHOCOLATES",,,UNIT,2.99,0.0,0.0,2026-04-14,,Y,sold only,4.0,4.0,13.52,2026-07-14,2026-08-18,16,,MIGRATE
7792,P-8792,SKITTLES GUMMIES ORIGINAL 57G,058496460785,HEALTH & BEAUTY,,,UNIT,1.99,0.0,0.0,2026-04-14,,Y,sold only,5.0,6.0,13.5,2026-04-22,2026-07-20,45,,MIGRATE
4652,P-5652,FRISKIES CHICKEN DINNER IN GRAVEY,056366006729,PET FOOD,,,UNIT,1.49,0.0,2.0,2026-04-14,,Y,sold only,5.0,8.0,13.47,2026-08-13,2026-09-03,0,,MIGRATE
7462,P-8462,TABLE ACCENTS FORKS,055966908129,HEALTH & BEAUTY,,,UNIT,2.29,0.99,0.0,2026-04-14,,Y,sold only,5.0,5.0,12.95,2026-05-15,2026-07-06,59,,MIGRATE
3668,P-4668,halls vitamin c citrus,057700853863,"CANDY,GUMS & CHOCOLATES",,,UNIT,2.25,0.0,2.0,2026-04-14,,Y,sold only,3.0,5.0,12.7,2026-06-27,2026-09-02,1,,MIGRATE
4582,P-5582,POP SHOP CREAM SODA,180009000031,DRINKS,,,UNIT,2.22,0.0,1.0,2026-04-14,,Y,sold only,5.0,5.0,12.55,2026-04-18,2026-07-21,44,,MIGRATE
2938,P-3938,BBQ  CHIPS & SNACKS,060410047262,CHIPS & SNACKS,Frito lay,,UNIT,5.5,3.17,4.0,2026-04-14,,Y,sold only,2.0,2.0,12.44,2026-06-05,2026-07-14,51,,REVIEW - 2 units or fewer
2948,P-3948,Sea salt & malt vinegar,060410046715,CHIPS & SNACKS,Frito lay,,UNIT,5.5,0.0,4.0,2026-04-14,,Y,sold only,2.0,2.0,12.44,2026-04-17,2026-04-23,133,,REVIEW - no sale in 90+ days
6469,P-7469,DOR COL RNC 235G,060410054468,CHIPS & SNACKS,,,UNIT,5.5,3.12,3.0,2026-04-14,,Y,sold only,2.0,2.0,12.44,2026-05-03,2026-05-07,119,,REVIEW - no sale in 90+ days
2779,P-3779,tide og 1 litre,030772121207,HEALTH & BEAUTY,,,UNIT,10.99,0.0,0.0,2026-04-14,,Y,sold only,1.0,1.0,12.42,2026-04-26,2026-04-26,130,,REVIEW - no sale in 90+ days
2943,P-3943,Sour cream & BaconCHIPS & SNACKS,060410047255,CHIPS & SNACKS,Frito lay,,UNIT,5.39,0.0,4.0,2026-04-14,,Y,sold only,2.0,2.0,12.18,2026-08-01,2026-08-12,22,,REVIEW - 2 units or fewer
6471,P-7471,DOR ZSTY CH 235G,060410054444,CHIPS & SNACKS,,,UNIT,5.39,3.36,3.0,2026-04-14,,Y,sold only,2.0,2.0,12.18,2026-06-28,2026-07-16,49,,REVIEW - 2 units or fewer
8053,P-9053,FL OVEN BAKED BBQ 177G,060410061084,CHIPS & SNACKS,,,UNIT,5.39,0.0,2.0,2026-04-14,,Y,sold only,2.0,2.0,12.18,2026-07-29,2026-08-31,3,,REVIEW - 2 units or fewer
3654,P-4654,tic tac fruit,062020005649,"CANDY,GUMS & CHOCOLATES",,,UNIT,2.66,0.0,2.0,2026-04-14,,Y,sold only,4.0,4.0,12.04,2026-07-04,2026-08-24,10,,MIGRATE
5461,P-6461,ORVILLE EXTRA BUTTER,058807485247,GROCERY NO TAX,,,UNIT,1.99,0.0,2.0,2026-04-14,,Y,sold only,6.0,6.0,11.94,2026-07-19,2026-08-27,7,,MIGRATE
5021,P-6021,G FRIUT PUNCH 710UNI,055577421000,DRINKS,,,UNIT,3.5,1.47,2.0,2026-04-14,,Y,sold only,3.0,3.0,11.88,2026-04-23,2026-05-17,109,,REVIEW - no sale in 90+ days
5026,P-6026,G CITRON LIME 710UNI,055577421017,DRINKS,,,UNIT,3.5,0.0,2.0,2026-04-14,,Y,sold only,3.0,3.0,11.88,2026-05-02,2026-05-07,119,,REVIEW - no sale in 90+ days
9014,P-10014,TABLE ACCENTS 15 PAPER PLATES,055966913062,HEALTH & BEAUTY,,,UNIT,3.5,2.49,1.0,2026-04-14,,Y,sold only,3.0,3.0,11.88,2026-06-01,2026-06-30,65,,MIGRATE
2508,P-3508,powerade zero punch,067000011887,DRINKS,DRINKS,,UNIT,3.49,0.0,0.0,2026-04-14,,Y,sold only,2.0,3.0,11.83,2026-07-02,2026-07-25,40,,MIGRATE
23391,P-23391,Peelrrz,667888590582,"CANDY,GUMS & CHOCOLATES",Amo,Mango Candy,UNIT,3.49,0.0,0.0,2026-05-18,Y,Y,both,3.0,3.0,11.82,2026-05-21,2026-06-13,82,,MIGRATE
7371,P-8371,FRISKIES CHICKEN DINNER,056366006866,PET FOOD,,,UNIT,1.49,0.0,2.0,2026-04-14,,Y,sold only,3.0,7.0,11.78,2026-07-10,2026-08-05,29,,MIGRATE
1902,P-2902,NESCAFE RICH 100GM,055000008839,GROCERY,,,UNIT,9.99,0.0,0.0,2026-04-14,,Y,sold only,1.0,1.0,11.29,2026-08-18,2026-08-18,16,,REVIEW - 2 units or fewer
7718,P-8718,"Ben & Jerry- CANDY,GUMS & CHOCOLATES chip cookie dougjh",058779142803,ICE CREAMS,BEN & JERRYS,473 ML,UNIT,9.99,0.0,2.0,2026-04-14,,Y,sold only,1.0,1.0,11.29,2026-06-03,2026-06-03,92,,REVIEW - no sale in 90+ days
23180,P-23180,USB C TYPE CABLE TECO,197190301625,ELECTRONICS,,,UNIT,9.99,0.0,0.0,2026-04-15,Y,Y,both,1.0,1.0,11.29,2026-04-20,2026-04-20,136,,REVIEW - no sale in 90+ days
23303,P-23303,Gain laundry liquid,037000769545,HEALTH & BEAUTY,,,UNIT,9.99,0.0,0.0,2026-04-16,Y,Y,both,1.0,1.0,11.29,2026-04-19,2026-04-19,137,,REVIEW - no sale in 90+ days
23304,P-23304,Downy softner,030772100332,GROCERY,,,UNIT,9.99,0.0,0.0,2026-04-16,Y,Y,both,1.0,1.0,11.29,2026-04-17,2026-04-17,139,,REVIEW - no sale in 90+ days
23466,P-23466,Van Dens Earphones,5060674507361,Electronics - My top gift,,,UNIT,9.99,0.0,0.0,2026-06-19,Y,Y,both,1.0,1.0,11.29,2026-08-05,2026-08-05,29,DUP-05,REVIEW - 2 units or fewer
2735,P-3735,Meta pipe 50,088169002554,HEALTH & BEAUTY,,,UNIT,4.99,0.0,0.0,2026-04-14,,Y,sold only,2.0,2.0,11.28,2026-07-20,2026-08-11,23,,REVIEW - 2 units or fewer
16657,P-17657,salt nd vinegar lays,060410079478,CHIPS,lays 220g,,UNIT,4.99,0.0,0.0,2026-04-14,,Y,sold only,2.0,2.0,11.28,2026-05-03,2026-08-18,16,,REVIEW - 2 units or fewer
19698,P-20698,ZESTY RANCH,829515324629,CHIPS,,VEGGIE,UNIT,4.99,0.0,1.0,2026-04-14,,Y,sold only,2.0,2.0,11.28,2026-08-17,2026-08-27,7,,REVIEW - 2 units or fewer
23385,P-23385,Lays,060410080078,CHIPS & SNACKS,,,UNIT,4.99,0.0,0.0,2026-05-18,Y,Y,both,2.0,2.0,11.28,2026-05-27,2026-07-24,41,,REVIEW - 2 units or fewer
23417,P-23417,Hellmans Mayo 340 ML,068400508656,GROCERY,HellMann's,,UNIT,7.99,0.0,0.0,2026-06-01,Y,Y,both,2.0,2.0,11.28,2026-06-01,2026-07-31,34,,REVIEW - 2 units or fewer
23420,P-23420,Aluminium Foil,059212997622,GENERAL ITEMS,,,UNIT,4.99,0.0,0.0,2026-06-02,Y,Y,both,2.0,2.0,11.28,2026-06-06,2026-06-24,71,,REVIEW - 2 units or fewer
23544,P-23544,Celcius Electric Vibe,889392002676,DRINKS,,,UNIT,4.99,0.0,0.0,2026-07-26,Y,Y,both,2.0,2.0,11.28,2026-08-04,2026-08-21,13,,REVIEW - 2 units or fewer
5806,P-6806,MEMTOS MINT,073390000110,"CANDY,GUMS & CHOCOLATES",,,UNIT,1.99,0.0,2.0,2026-04-14,,Y,sold only,5.0,5.0,11.25,2026-05-02,2026-07-29,36,,MIGRATE
23198,P-23198,Ensure Protein Drink Strawberry,055325004301,DRINKS NO TAX,,,UNIT,3.75,0.0,0.0,2026-04-15,Y,Y,both,3.0,3.0,11.25,2026-04-23,2026-04-30,126,,REVIEW - no sale in 90+ days
23352,P-23352,Caramilk,06109224,"CANDY,GUMS & CHOCOLATES",cadbury,,UNIT,1.99,0.0,0.0,2026-04-18,Y,Y,both,4.0,5.0,11.25,2026-04-18,2026-07-20,45,,MIGRATE
2034,P-3034,PASSION FLAKIE,06797231,BAKERY,VACHON,,UNIT,2.49,0.0,0.0,2026-04-14,,Y,sold only,4.0,4.0,11.24,2026-06-24,2026-08-28,6,,MIGRATE
5271,P-6271,M & M PEANUT 49G,058496812324,"CANDY,GUMS & CHOCOLATES",,,UNIT,2.49,0.0,1.0,2026-04-14,,Y,sold only,4.0,4.0,11.24,2026-08-23,2026-08-30,4,,MIGRATE
23407,P-23407,Bubly Cherry,069000155011,DRINKS,Bubly,,UNIT,1.64,0.0,0.0,2026-05-24,Y,Y,both,5.0,6.0,11.11,2026-05-30,2026-06-30,65,DUP-22,MIGRATE
3185,P-4185,Mr GENERAL ITEMS pack beef,059491000358,GROCERY NO TAX,,,UNIT,1.0,0.0,2.0,2026-04-14,,Y,sold only,5.0,11.0,11.0,2026-05-14,2026-08-30,4,,MIGRATE
3186,P-4186,Mr GENERAL ITEMS pack chicken,059491000501,GROCERY NO TAX,,,UNIT,1.0,0.0,2.0,2026-04-14,,Y,sold only,5.0,11.0,11.0,2026-05-14,2026-08-24,10,,MIGRATE
19356,P-20356,11 $LOTTO MAX,2280550011000,LOTTERY,,LOTTO MAX,UNIT,11.0,0.0,1.0,2026-04-14,,Y,sold only,1.0,1.0,11.0,2026-05-16,2026-05-16,110,,REVIEW - no sale in 90+ days
9055,P-10055,"BN CANDY,GUMS & CHOCOLATES FUDGE BROWNIE 454UNI",058779142773,ICE CREAMS,,,UNIT,8.99,0.0,2.0,2026-04-14,,Y,sold only,1.0,1.0,10.16,2026-09-02,2026-09-02,1,,REVIEW - 2 units or fewer
16210,P-17210,"CANDY,GUMS & CHOCOLATES raspberry truffle",055000205702,Ice cream,Haagen-Daaz,,UNIT,8.99,0.0,0.0,2026-04-14,,Y,sold only,1.0,1.0,10.16,2026-08-24,2026-08-24,10,,REVIEW - 2 units or fewer
23483,P-23483,Ven Dens cable,5056594152125,Electronics - My top gift,,,UNIT,10.99,0.0,0.0,2026-06-19,Y,Y,both,1.0,1.0,10.16,2026-08-30,2026-08-30,4,DUP-23,REVIEW - 2 units or fewer
3567,P-4567,5 gum flood,064900429170,"CANDY,GUMS & CHOCOLATES",,,UNIT,3.09,0.0,2.0,2026-04-14,,Y,sold only,3.0,3.0,10.14,2026-06-04,2026-08-16,18,,MIGRATE
4593,P-5593,FIJI 1.5L,632565000234,DRINKS,,,UNIT,4.49,0.0,1.0,2026-04-14,,Y,sold only,2.0,2.0,10.14,2026-08-11,2026-08-14,20,,REVIEW - 2 units or fewer
8249,P-9249,G ZERO BERRY,057271162647,DRINKS,,,UNIT,2.99,0.0,0.0,2026-04-14,,Y,sold only,3.0,3.0,10.14,2026-04-27,2026-07-04,61,,MIGRATE
15750,P-16750,BANDANA,825096001904,GENERAL ITEMS,,,UNIT,2.99,0.0,0.0,2026-04-14,,Y,sold only,1.0,3.0,10.14,2026-04-26,2026-04-26,130,,REVIEW - no sale in 90+ days
16157,P-17157,OCB Regular,3057068029709,GENERAL ITEMS,,,UNIT,2.99,3.49,0.0,2026-04-14,,Y,sold only,3.0,3.0,10.14,2026-06-04,2026-07-02,63,,MIGRATE
7218,P-8218,CRY BABY,059642370019,"CANDY,GUMS & CHOCOLATES",,,UNIT,1.77,0.54,0.0,2026-04-14,,Y,sold only,5.0,5.0,10.0,2026-04-24,2026-07-28,37,,MIGRATE
23224,P-23224,Allens apple juice 200ml,056412700014,DRINKS NO TAX,,,UNIT,1.0,0.0,0.0,2026-04-15,Y,Y,both,8.0,10.0,10.0,2026-04-18,2026-07-10,55,,MIGRATE
23434,P-23434,RXBAR,859162007620,"CANDY,GUMS & CHOCOLATES",,,UNIT,2.21,0.0,0.0,2026-06-11,Y,Y,both,4.0,4.0,10.0,2026-06-12,2026-06-26,69,DUP-24,MIGRATE
23437,P-23437,RXBAR,859162007583,"CANDY,GUMS & CHOCOLATES",,,UNIT,2.21,0.0,0.0,2026-06-11,Y,Y,both,4.0,4.0,10.0,2026-06-13,2026-08-02,32,DUP-24,MIGRATE
23325,P-23325,Export A Full,060100003097,TOBACCO,,,UNIT,4.42,0.0,0.0,2026-04-16,Y,Y,both,1.0,2.0,9.99,2026-07-25,2026-07-25,40,,REVIEW - 2 units or fewer
3097,P-4097,Redpath sugar cubes,062847814363,GROCERY NO TAX,,,UNIT,4.99,0.0,2.0,2026-04-14,,Y,sold only,2.0,2.0,9.98,2026-05-01,2026-05-13,113,,REVIEW - no sale in 90+ days
3041,P-4041,Nescafe Rich,055000008815,GROCERY NO TAX,,,UNIT,9.5,0.0,2.0,2026-04-14,,Y,sold only,1.0,1.0,9.5,2026-05-04,2026-05-04,122,,REVIEW - no sale in 90+ days
4826,P-5826,JACK LIKS PEPPRONI 22G HOT,017082879011,"CANDY,GUMS & CHOCOLATES",,,UNIT,1.39,0.0,5.0,2026-04-14,,Y,sold only,6.0,6.0,9.42,2026-06-23,2026-08-24,10,,MIGRATE
23426,P-23426,big daddy bisc,626233743202,COOKIES,,,UNIT,2.75,0.0,0.0,2026-06-05,Y,Y,both,3.0,3.0,9.33,2026-07-04,2026-08-21,13,,MIGRATE
22447,P-23447,Bubly Peach Sparkling Water 355ML,069000158876,DRINKS,Bubly,,UNIT,1.64,0.0,0.0,2026-04-14,,Y,sold only,5.0,5.0,9.25,2026-06-12,2026-07-01,64,,MIGRATE
23540,P-23540,Clamato Original,065912002801,R.T.D.,,,UNIT,3.99,0.0,0.0,2026-07-16,Y,Y,both,2.0,2.0,9.22,2026-07-25,2026-07-30,35,,REVIEW - 2 units or fewer
23394,P-23394,Lays Small Ketchup,060410025987,SNACK,FRITOLAY,,UNIT,1.0,0.0,0.0,2026-05-18,Y,Y,both,6.0,8.0,9.04,2026-06-17,2026-08-02,32,,MIGRATE
309,P-1309,Whiskas Seafood 670g,058496433215,PET FOOD,WHISKAS,,UNIT,7.99,0.0,5.0,2026-04-14,,Y,sold only,1.0,1.0,9.03,2026-05-13,2026-05-13,113,,REVIEW - no sale in 90+ days
3230,P-4230,Tylenol Extra strength ez tabs,064541301378,HEALTH & BEAUTY,,,UNIT,7.99,4.69,2.0,2026-04-14,,Y,sold only,1.0,1.0,9.03,2026-08-03,2026-08-03,31,,REVIEW - 2 units or fewer
3339,P-4339,Duracell AAA4,041333424019,HEALTH & BEAUTY,,,UNIT,7.99,0.0,2.0,2026-04-14,,Y,sold only,1.0,1.0,9.03,2026-06-28,2026-06-28,67,,REVIEW - 2 units or fewer
7746,P-8746,BEN & JERRY SALTED CARAMEL ALMOND,058779142728,ICE CREAMS,,,UNIT,7.99,0.0,2.0,2026-04-14,,Y,sold only,1.0,1.0,9.03,2026-06-28,2026-06-28,67,,REVIEW - 2 units or fewer
9015,P-10015,TUFF GUYY 40 STRONG GARBAGE BAGS,055966994436,HEALTH & BEAUTY,,,UNIT,7.99,4.49,2.0,2026-04-14,,Y,sold only,1.0,1.0,9.03,2026-08-31,2026-08-31,3,,REVIEW - 2 units or fewer
23478,P-23478,Borofone cable,6974443384666,Electronics - My top gift,,,UNIT,7.99,0.0,0.0,2026-06-19,Y,Y,both,1.0,1.0,9.03,2026-06-30,2026-06-30,65,,REVIEW - 2 units or fewer
3317,P-4317,Chapstick,062107817417,HEALTH & BEAUTY,,,UNIT,3.99,1.75,2.0,2026-04-14,,Y,sold only,2.0,2.0,9.02,2026-05-12,2026-05-19,107,,REVIEW - no sale in 90+ days
3334,P-4334,Duracell AAA2,041333224015,HEALTH & BEAUTY,,,UNIT,3.99,0.0,2.0,2026-04-14,,Y,sold only,2.0,2.0,9.02,2026-07-13,2026-08-15,19,,REVIEW - 2 units or fewer
5060,P-6060,DRINKS DR PAPPER 2LT,054900000608,DRINKS,,,UNIT,3.99,0.0,2.0,2026-04-14,,Y,sold only,2.0,2.0,9.02,2026-08-07,2026-08-21,13,,REVIEW - 2 units or fewer
5066,P-6066,DRINKS CRUSH CREAM SODA 2LT,05630804,DRINKS,,,UNIT,3.99,0.0,2.0,2026-04-14,,Y,sold only,2.0,2.0,9.02,2026-05-02,2026-06-05,90,,REVIEW - 2 units or fewer
7176,P-8176,BICYCLE PLAYING CARDS,060549008080,STATIONARY,,,UNIT,3.99,2.99,2.0,2026-04-14,,Y,sold only,1.0,2.0,9.02,2026-05-16,2026-05-16,110,,REVIEW - no sale in 90+ days
7736,P-8736,BOUNCE 15,037000958604,HEALTH & BEAUTY,,,UNIT,3.99,1.79,2.0,2026-04-14,,Y,sold only,2.0,2.0,9.02,2026-05-26,2026-06-20,75,,REVIEW - 2 units or fewer
18138,P-19138,VAGGIE ORIG.,829515301378,CHIPS,,SENSIBLE,UNIT,3.99,0.0,1.0,2026-04-14,,Y,sold only,2.0,2.0,9.02,2026-08-25,2026-08-29,5,,REVIEW - 2 units or fewer
23234,P-23234,Habibi Pre rolled tip,788413295601,HEALTH & BEAUTY,,,UNIT,3.99,0.0,0.0,2026-04-15,Y,Y,both,2.0,2.0,9.02,2026-06-09,2026-06-23,72,,REVIEW - 2 units or fewer
3268,P-4268,Visine original,060245405350,GROCERY NO TAX,,,UNIT,9.0,0.0,2.0,2026-04-14,,Y,sold only,1.0,1.0,9.0,2026-08-29,2026-08-29,5,,REVIEW - 2 units or fewer
4600,P-5600,NESTLE 1L,068274000072,WATER,,,UNIT,3.0,0.0,1.0,2026-04-14,,Y,sold only,3.0,3.0,9.0,2026-04-16,2026-05-03,123,,REVIEW - no sale in 90+ days
5144,P-6144,PEACE TEA PEACH,06766407,DRINKS,,,UNIT,1.99,0.0,2.0,2026-04-14,,Y,sold only,4.0,4.0,9.0,2026-05-07,2026-06-29,66,,MIGRATE
9587,P-10587,Christie Chips Ahoy,066721006233,GROCERY NO TAX,,,UNIT,4.5,0.0,2.0,2026-04-14,,Y,sold only,2.0,2.0,9.0,2026-05-13,2026-05-13,113,,REVIEW - no sale in 90+ days
19628,P-20628,LD LIGHTER,060100043963,GENERAL NO TAX,,LD,UNIT,3.0,0.0,1.0,2026-04-14,,Y,sold only,3.0,3.0,9.0,2026-08-05,2026-08-22,12,,MIGRATE
22900,P-23900,061200018769,061200018769,"CANDY,GUMS & CHOCOLATES",MR BIG 50 GM,,UNIT,1.99,1.18,0.0,2026-04-14,,Y,sold only,4.0,4.0,9.0,2026-05-09,2026-06-24,71,,MIGRATE
23293,P-23293,Munchies peanuts,060410074848,FOOD ITMES,,,UNIT,1.99,0.0,0.0,2026-04-16,Y,Y,both,4.0,4.0,9.0,2026-05-04,2026-05-17,109,,REVIEW - no sale in 90+ days
3073,P-4073,Arm and Hammer Baking soda,065333001100,GROCERY NO TAX,,,UNIT,2.99,0.0,2.0,2026-04-14,,Y,sold only,3.0,3.0,8.97,2026-05-28,2026-08-22,12,,MIGRATE
23427,P-23427,airheads sour,073390016463,"CANDY,GUMS & CHOCOLATES",,,UNIT,0.66,0.0,0.0,2026-06-07,Y,Y,both,7.0,12.0,8.95,2026-06-11,2026-09-02,1,,MIGRATE
267,P-1267,Cry Baby Assorted Gum Balls 36g,059642340012,"CANDY,GUMS & CHOCOLATES",,,UNIT,1.55,0.0,24.0,2026-04-14,,Y,sold only,3.0,5.0,8.75,2026-06-03,2026-08-21,13,,MIGRATE
2595,P-3595,brownies mega,060737739314,HEALTH & BEAUTY,VACHON,,UNIT,2.49,0.0,0.0,2026-04-14,,Y,sold only,3.0,3.0,8.43,2026-07-14,2026-08-02,32,,MIGRATE
4897,P-5897,ARIZONA MUCHO MANGO,613008766764,DRINKS,,,UNIT,2.43,0.0,10.0,2026-04-14,,Y,sold only,3.0,3.0,8.25,2026-04-15,2026-04-17,139,,REVIEW - no sale in 90+ days
6521,P-7521,ARIZONA CHERRY LIME RICKEY,613008735012,DRINKS,,,UNIT,2.43,0.0,2.0,2026-04-14,,Y,sold only,3.0,3.0,8.25,2026-04-21,2026-05-15,111,,REVIEW - no sale in 90+ days
18510,P-19510,MOJI LIGHTER,853195000535,DRINKS,,SMOKE,UNIT,7.25,0.0,1.0,2026-04-14,,Y,sold only,1.0,1.0,8.19,2026-05-31,2026-05-31,95,,REVIEW - no sale in 90+ days
23240,P-23240,Diritos Nacho 70g,060410048474,CHIPS & SNACKS,Doritos 70g,,UNIT,2.39,1.09,0.0,2026-04-16,Y,Y,both,3.0,3.0,8.1,2026-04-30,2026-06-12,83,,MIGRATE
23242,P-23242,Lay's Classic 60g,060410048603,CHIPS & SNACKS,Lay's Calssic,,UNIT,2.39,1.09,0.0,2026-04-16,Y,Y,both,3.0,3.0,8.1,2026-05-02,2026-06-16,79,,MIGRATE
6775,P-7775,RAW CLASSIC CONES,716165177111,HEALTH & BEAUTY,,,UNIT,3.99,0.0,2.0,2026-04-14,,Y,sold only,2.0,2.0,8.01,2026-04-21,2026-06-27,68,,REVIEW - 2 units or fewer
7696,P-8696,CL CHUNK LIGHT TUNA,061362434704,GROCERY NO TAX,,,UNIT,3.99,0.0,2.0,2026-04-14,,Y,sold only,1.0,2.0,7.98,2026-07-03,2026-07-03,62,,REVIEW - 2 units or fewer
23237,P-23237,Fishermans Friend,05899753,"CANDY,GUMS & CHOCOLATES",,,UNIT,3.5,0.0,0.0,2026-04-15,Y,Y,both,2.0,2.0,7.92,2026-05-30,2026-07-29,36,,REVIEW - 2 units or fewer
23393,P-23393,Dare Mallow,055653435006,SNACKS,,,UNIT,3.5,0.0,0.0,2026-05-18,Y,Y,both,2.0,2.0,7.92,2026-05-22,2026-06-01,94,,REVIEW - no sale in 90+ days
3260,P-4260,reactine EXTRA STRENGTH,060245250035,HEALTH & BEAUTY,,,UNIT,6.99,4.29,2.0,2026-04-14,,Y,sold only,1.0,1.0,7.9,2026-08-29,2026-08-29,5,,REVIEW - 2 units or fewer
3750,P-4750,WINDEX ORIGINAL,059200807704,HEALTH & BEAUTY,,,UNIT,6.99,0.0,3.0,2026-04-14,,Y,sold only,1.0,1.0,7.9,2026-07-14,2026-07-14,51,,REVIEW - 2 units or fewer
9234,P-10234,FEBEZE MEDITERRANEAN LAVENDER,037000962649,HEALTH & BEAUTY,,,UNIT,6.99,3.99,0.0,2026-04-14,,Y,sold only,1.0,1.0,7.9,2026-05-27,2026-05-27,99,,REVIEW - no sale in 90+ days
16446,P-17446,fuse,080793793679,DRINKS,fuse,,UNIT,1.55,0.0,0.0,2026-04-14,,Y,sold only,6.0,6.0,7.9,2026-08-11,2026-08-28,6,,MIGRATE
23267,P-23267,Global Beauty Care Wipes,814655029749,HEALTH & BEAUTY,,,UNIT,6.99,0.0,0.0,2026-04-16,Y,Y,both,1.0,1.0,7.9,2026-07-31,2026-07-31,34,,REVIEW - 2 units or fewer
23270,P-23270,Softsoap Body Wash,074182473518,HEALTH & BEAUTY,,,UNIT,6.99,0.0,0.0,2026-04-16,Y,Y,both,1.0,1.0,7.9,2026-08-09,2026-08-09,25,,REVIEW - 2 units or fewer
22963,P-23963,BULDUK SPICY CHIKEN 105 G,8801073210363,GROCERY,BULDAK,,Unit.,3.49,2.49,0.0,2026-04-14,,Y,sold only,2.0,2.0,7.88,2026-06-11,2026-06-26,69,,REVIEW - 2 units or fewer
4579,P-5579,POP SHOP LIME,180009000024,DRINKS,,,UNIT,2.22,0.0,1.0,2026-04-14,,Y,sold only,3.0,3.0,7.53,2026-04-26,2026-05-15,111,,REVIEW - no sale in 90+ days
4583,P-5583,POP SHOP BLACK CHERRY,180009000017,DRINKS,,,UNIT,2.22,0.0,1.0,2026-04-14,,Y,sold only,3.0,3.0,7.53,2026-04-17,2026-07-25,40,,MIGRATE
23243,P-23243,Chcken Vienna Sausages 130g,05527241,GROCERY NO TAX,Grace,,UNIT,2.5,0.0,0.0,2026-04-16,Y,Y,both,2.0,3.0,7.5,2026-06-15,2026-08-02,32,,MIGRATE
23436,P-23436,RXBAR,859162007606,"CANDY,GUMS & CHOCOLATES",,,UNIT,2.21,0.0,0.0,2026-06-11,Y,Y,both,3.0,3.0,7.5,2026-06-13,2026-07-25,40,DUP-24,MIGRATE
23510,P-23510,Lady Sarah Hazel Nut,063517038713,SNACK,Lady Sarah,,UNIT,3.29,0.0,0.0,2026-07-04,Y,Y,both,2.0,2.0,7.44,2026-07-22,2026-08-10,24,,REVIEW - 2 units or fewer
329,P-1329,Friskie turkey and Giblets Dinner 156g,056366115797,PET FOOD,Purina,,UNIT,2.19,0.0,5.0,2026-04-14,,Y,sold only,3.0,3.0,7.41,2026-05-19,2026-05-26,100,,REVIEW - no sale in 90+ days
23281,P-23281,Febreze air mist,030772030868,GROCERY,,,UNIT,6.5,0.0,0.0,2026-04-16,Y,Y,both,1.0,1.0,7.34,2026-06-29,2026-06-29,66,,REVIEW - 2 units or fewer
4803,P-5803,MARS,058496328733,"CANDY,GUMS & CHOCOLATES",,,UNIT,2.2,0.0,5.0,2026-04-14,,Y,sold only,3.0,3.0,7.23,2026-05-02,2026-09-03,0,,MIGRATE
5285,P-6285,MAYNARDS FUZZY PEACH 64G,057700215876,"CANDY,GUMS & CHOCOLATES",,,UNIT,2.21,0.0,1.0,2026-04-14,,Y,sold only,3.0,3.0,7.0,2026-05-14,2026-08-10,24,,MIGRATE
23518,P-23518,Pepsi Diet 710 ml,069000010662,DRINKS,PEPSI,,UNIT,3.0,0.0,0.0,2026-07-05,Y,Y,both,2.0,2.0,6.78,2026-07-13,2026-08-26,8,,REVIEW - 2 units or fewer
2893,P-3893,axe appoloo,7791293041100,GROCERY,,,UNIT,5.99,0.0,0.0,2026-04-14,,Y,sold only,1.0,1.0,6.77,2026-07-24,2026-07-24,41,,REVIEW - 2 units or fewer
6152,P-7152,ROYAL OAK CHARCOAL LIGHTER 946UNI,016800233005,HEALTH & BEAUTY,,,UNIT,5.99,0.0,2.0,2026-04-14,,Y,sold only,1.0,1.0,6.77,2026-06-06,2026-06-06,89,,REVIEW - 2 units or fewer
7629,P-8629,SPEED STICK COOL CLEAN,022200940252,HEALTH & BEAUTY,,,UNIT,5.99,2.69,2.0,2026-04-14,,Y,sold only,1.0,1.0,6.77,2026-05-12,2026-05-12,114,,REVIEW - no sale in 90+ days
23259,P-23259,Axe Epic fresh,7791293050638,HEALTH & BEAUTY,,,UNIT,5.99,0.0,0.0,2026-04-16,Y,Y,both,1.0,1.0,6.77,2026-07-27,2026-07-27,38,,REVIEW - 2 units or fewer
23260,P-23260,Axe Apollo,079400264411,HEALTH & BEAUTY,,,UNIT,5.99,0.0,0.0,2026-04-16,Y,Y,both,1.0,1.0,6.77,2026-06-04,2026-06-04,91,,REVIEW - no sale in 90+ days
23444,P-23444,Clorox,055500017287,GENERAL ITEMS,Clorox,,UNIT,5.99,0.0,0.0,2026-06-16,Y,Y,both,1.0,1.0,6.77,2026-06-23,2026-06-23,72,DUP-13,REVIEW - 2 units or fewer
23519,P-23519,Bussman Fuze 20A,051712845342,ELECTRONICS,Bussman,,UNIT,5.99,0.0,0.0,2026-07-05,Y,Y,both,1.0,1.0,6.77,2026-07-28,2026-07-28,37,,REVIEW - 2 units or fewer
1070,P-2070,SPRITE 710 ML,067000104015,DRINKS,,,UNIT,2.99,0.0,0.0,2026-04-14,,Y,sold only,2.0,2.0,6.76,2026-04-17,2026-04-22,134,,REVIEW - no sale in 90+ days
1693,P-2693,Aluminum Foil,806712305019,GROCERY,Strongmor,,UNIT,2.99,0.0,0.0,2026-04-14,,Y,sold only,2.0,2.0,6.76,2026-05-02,2026-07-11,54,,REVIEW - 2 units or fewer
2890,P-3890,colgate  95 ml,058000313194,HEALTH & BEAUTY,colgate,,UNIT,2.99,0.0,0.0,2026-04-14,,Y,sold only,2.0,2.0,6.76,2026-05-12,2026-06-22,73,,REVIEW - 2 units or fewer
7796,P-8796,TABLE ACCENT PLASTIC TEASPOON,055966908143,HEALTH & BEAUTY,,,UNIT,2.99,2.99,0.0,2026-04-14,,Y,sold only,2.0,2.0,6.76,2026-07-11,2026-08-15,19,,REVIEW - 2 units or fewer
23309,P-23309,Pure klean,806712314905,GROCERY,,,UNIT,2.99,0.0,0.0,2026-04-16,Y,Y,both,2.0,2.0,6.76,2026-07-23,2026-07-27,38,,REVIEW - 2 units or fewer
23389,P-23389,Colgate Brush,058000309166,GROCERY,,,UNIT,2.99,0.0,0.0,2026-05-18,Y,Y,both,2.0,2.0,6.76,2026-07-18,2026-08-30,4,,REVIEW - 2 units or fewer
23404,P-23404,Peel Pop,850079218710,"CANDY,GUMS & CHOCOLATES",,,UNIT,2.99,0.0,0.0,2026-05-22,Y,Y,both,1.0,2.0,6.76,2026-05-23,2026-05-23,103,DUP-25,REVIEW - no sale in 90+ days
23512,P-23512,Small Aluminium tray,055966202173,GENERAL ITEMS,,,UNIT,2.99,0.0,0.0,2026-07-04,Y,Y,both,1.0,2.0,6.76,2026-07-11,2026-07-11,54,,REVIEW - 2 units or fewer
23516,P-23516,Bubly Cherry,069000159958,DRINK/SLUSHY,bub,,UNIT,2.99,0.0,0.0,2026-07-05,Y,Y,both,2.0,2.0,6.76,2026-07-25,2026-08-15,19,DUP-22,REVIEW - 2 units or fewer
4784,P-5784,NESTLE SMARTIES,05986034,"CANDY,GUMS & CHOCOLATES",,,UNIT,1.99,0.0,5.0,2026-04-14,,Y,sold only,3.0,3.0,6.75,2026-04-29,2026-06-04,91,,REVIEW - no sale in 90+ days
20360,P-21360,80 GM KABOOM,757528050832,CHIPS,,TAKIS,UNIT,1.99,0.0,1.0,2026-04-14,,Y,sold only,3.0,3.0,6.75,2026-05-07,2026-06-24,71,,MIGRATE
23327,P-23327,Dentyne Ice,073390055615,"CANDY,GUMS & CHOCOLATES",804906002010,,UNIT,1.99,0.0,0.0,2026-04-16,Y,Y,both,3.0,3.0,6.75,2026-06-18,2026-08-23,11,,MIGRATE
23367,P-23367,Delicious kitchen coconut water,628915831481,GROCERY,,,UNIT,1.99,0.0,0.0,2026-04-22,Y,Y,both,2.0,3.0,6.75,2026-04-23,2026-05-04,122,,REVIEW - no sale in 90+ days
17214,P-18214,BLUE BEER CUP,059212710023,HOUSE HOLD ITEM,,,ml,2.85,2.85,0.0,2026-04-14,,Y,sold only,1.0,2.0,6.44,2026-05-23,2026-05-23,103,,REVIEW - no sale in 90+ days
2200,P-3200,BUTANE G,059136991447,HEALTH & BEAUTY,RONSON,,UNIT,5.99,0.0,0.0,2026-04-14,,Y,sold only,1.0,1.0,6.32,2026-07-24,2026-07-24,41,,REVIEW - 2 units or fewer
3319,P-4319,Advil 10 Tablets,062107004015,GROCERY NO TAX,,,UNIT,5.99,0.0,2.0,2026-04-14,,Y,sold only,1.0,1.0,6.22,2026-05-08,2026-05-08,118,,REVIEW - no sale in 90+ days
9574,P-10574,FL RUFFLES REGULAR,060410047224,CHIPS & SNACKS,,,UNIT,5.5,0.0,2.0,2026-04-14,,Y,sold only,1.0,1.0,6.22,2026-04-16,2026-04-16,140,,REVIEW - no sale in 90+ days
23405,P-23405,Rumi cup noodles,8801043057318,GROCERY,,,UNIT,0.0,2.75,0.0,2026-05-23,Y,Y,both,2.0,2.0,6.22,2026-06-04,2026-08-02,32,,REVIEW - 2 units or fewer
2936,P-3936,ALl dresssed CHIPS & SNACKS,060410047231,CHIPS & SNACKS,Frito lay,,UNIT,5.49,3.17,4.0,2026-04-14,,Y,sold only,1.0,1.0,6.2,2026-04-25,2026-04-25,131,,REVIEW - no sale in 90+ days
6580,P-7580,FL MISS VICKIES SPICY DILL P,060410053317,CHIPS & SNACKS,,,UNIT,5.49,3.36,2.0,2026-04-14,,Y,sold only,1.0,1.0,6.2,2026-09-01,2026-09-01,2,,REVIEW - 2 units or fewer
23392,P-23392,Jumbo Hamburger Bun,055742576344,BAKERY,Compliments,,UNIT,5.49,0.0,0.0,2026-05-18,Y,Y,both,1.0,1.0,6.2,2026-05-29,2026-05-29,97,,REVIEW - no sale in 90+ days
5321,P-6321,AIRHEAD 15.6G CHERRY,073390002015,"CANDY,GUMS & CHOCOLATES",,,UNIT,0.54,0.0,5.0,2026-04-14,,Y,sold only,4.0,10.0,6.1,2026-08-10,2026-09-03,0,,MIGRATE
6468,P-7468,DOR SWT CHL 235G,060410054420,CHIPS & SNACKS,,,UNIT,5.39,3.36,3.0,2026-04-14,,Y,sold only,1.0,1.0,6.09,2026-04-16,2026-04-16,140,,REVIEW - no sale in 90+ days
6470,P-7470,DOR BLD BBQ 235G,060410054383,CHIPS & SNACKS,,,UNIT,5.39,3.36,3.0,2026-04-14,,Y,sold only,1.0,1.0,6.09,2026-05-03,2026-05-03,123,,REVIEW - no sale in 90+ days
7615,P-8615,LAYS LIGHTLY SALTED 235G,060410047118,CHIPS & SNACKS,,,UNIT,5.39,3.44,2.0,2026-04-14,,Y,sold only,1.0,1.0,6.09,2026-08-31,2026-08-31,3,,REVIEW - 2 units or fewer
15759,P-16759,MISS VICKS SEA SALT 55G,060410901656,CHIPS,,,UNIT,2.69,2.69,0.0,2026-04-14,,Y,sold only,2.0,2.0,6.08,2026-05-10,2026-05-14,112,,REVIEW - no sale in 90+ days
80,P-1080,Zigzag Green,008660100306,VAPE & CIGAR,,,UNIT,2.66,0.0,25.0,2026-04-14,,Y,sold only,2.0,2.0,6.02,2026-06-29,2026-07-02,63,,REVIEW - 2 units or fewer
3135,P-4135,Mr GENERAL ITEMS spcy chicken,059491002550,GROCERY NO TAX,,,UNIT,2.0,0.0,2.0,2026-04-14,,Y,sold only,3.0,3.0,6.0,2026-05-13,2026-05-20,106,,REVIEW - no sale in 90+ days
4651,P-5651,FRISKIES TURKEY & CHEESE DINNER,050000150779,PET FOOD,,,UNIT,1.77,0.0,2.0,2026-04-14,,Y,sold only,1.0,3.0,6.0,2026-07-01,2026-07-01,64,,MIGRATE
4853,P-5853,RING POP,041116005190,"CANDY,GUMS & CHOCOLATES",,,UNIT,1.33,0.0,2.0,2026-04-14,,Y,sold only,4.0,4.0,6.0,2026-05-16,2026-07-15,50,,MIGRATE
5816,P-6816,",R.GENERAL ITEMSS SPICY CHICKEN KIMCHI",059491002819,GROCERY NO TAX,,,UNIT,2.0,0.0,2.0,2026-04-14,,Y,sold only,2.0,3.0,6.0,2026-04-21,2026-05-07,119,,REVIEW - no sale in 90+ days
3525,P-4525,frenchs ketchup,056200926466,GROCERY NO TAX,,,UNIT,5.99,0.0,2.0,2026-04-14,,Y,sold only,1.0,1.0,5.99,2026-07-29,2026-07-29,36,,REVIEW - 2 units or fewer
6025,P-7025,OCEAN SPRAY CANNEBERY,031200046079,GROCERY NO TAX,,,UNIT,5.99,0.0,2.0,2026-04-14,,Y,sold only,1.0,1.0,5.99,2026-06-05,2026-06-05,90,,REVIEW - 2 units or fewer
23244,P-23244,Corned Beef 340g,055270961100,GENERAL NO TAX,Grace,,UNIT,5.99,0.0,0.0,2026-04-16,Y,Y,both,1.0,1.0,5.99,2026-09-02,2026-09-02,1,,REVIEW - 2 units or fewer
183,P-1183,Uncle Rays potato CHIPS & SNACKS 130g,614156061503,CHIPS & SNACKS,Uncle Rays,,UNIT,2.5,0.0,6.0,2026-04-14,,Y,sold only,2.0,2.0,5.64,2026-07-09,2026-08-04,30,,REVIEW - 2 units or fewer
192,P-1192,Uncle Rays Ripple 130g,614156061510,CHIPS & SNACKS,Uncle Rays,,UNIT,2.5,0.0,8.0,2026-04-14,,Y,sold only,2.0,2.0,5.64,2026-05-05,2026-05-25,101,,REVIEW - no sale in 90+ days
1242,P-2242,RONSON,059136991423,HEALTH & BEAUTY,,,UNIT,4.99,0.0,0.0,2026-04-14,,Y,sold only,1.0,1.0,5.64,2026-05-02,2026-05-02,124,,REVIEW - no sale in 90+ days
1285,P-2285,PRINGLES PIZZA,064100111431,GROCERY,,,UNIT,4.99,0.0,0.0,2026-04-14,,Y,sold only,1.0,1.0,5.64,2026-08-30,2026-08-30,4,,REVIEW - 2 units or fewer
8880,P-9880,GAIN ORIGINAL DRYER SHEET,037000823650,HEALTH & BEAUTY,,,UNIT,4.99,2.79,2.0,2026-04-14,,Y,sold only,1.0,1.0,5.64,2026-08-29,2026-08-29,5,,REVIEW - 2 units or fewer
17208,P-18208,HAPPY VALEMTINE 6INH,5421578602765,BONG AND PIPES,,,UNIT,4.99,0.0,0.0,2026-04-14,,Y,sold only,1.0,1.0,5.64,2026-05-02,2026-05-02,124,,REVIEW - no sale in 90+ days
23250,P-23250,Cling Wrap,067489106371,GROCERY,Glad,,UNIT,4.99,0.0,0.0,2026-04-16,Y,Y,both,1.0,1.0,5.64,2026-07-31,2026-07-31,34,,REVIEW - 2 units or fewer
23384,P-23384,060410086407,060410086407,CHIPS & SNACKS,,,UNIT,4.99,0.0,0.0,2026-05-18,Y,Y,both,1.0,1.0,5.64,2026-05-24,2026-05-24,102,,REVIEW - no sale in 90+ days
23395,P-23395,Pringles Sauce chilly,064100159372,CHIPS & SNACKS,,,UNIT,4.99,0.0,0.0,2026-05-19,Y,Y,both,1.0,1.0,5.64,2026-05-20,2026-05-20,106,,REVIEW - no sale in 90+ days
23396,P-23396,Pringles Spicy hot pot,064100159433,CHIPS & SNACKS,,,UNIT,4.99,0.0,0.0,2026-05-19,Y,Y,both,1.0,1.0,5.64,2026-07-11,2026-07-11,54,,REVIEW - 2 units or fewer
23397,P-23397,Pringles All Dressed,064100147973,CHIPS & SNACKS,,,UNIT,4.99,0.0,0.0,2026-05-19,Y,Y,both,1.0,1.0,5.64,2026-06-01,2026-06-01,94,,REVIEW - no sale in 90+ days
23398,P-23398,Pringles Masala,064100159396,CHIPS & SNACKS,,,UNIT,4.99,0.0,0.0,2026-05-19,Y,Y,both,1.0,1.0,5.64,2026-06-09,2026-06-09,86,,REVIEW - 2 units or fewer
23531,P-23531,Plates,055966913109,GROCERY,,,UNIT,4.99,0.0,0.0,2026-07-15,Y,Y,both,1.0,1.0,5.64,2026-07-31,2026-07-31,34,,REVIEW - 2 units or fewer
211,P-1211,Nongshim Spicy Chicken Bowl GENERAL ITEMS 86g,031146250301,GROCERY,Nongshim,,UNIT,2.49,0.0,4.0,2026-04-14,,Y,sold only,2.0,2.0,5.62,2026-05-18,2026-05-24,102,,REVIEW - no sale in 90+ days
178,P-1178,Smartfood White Cheddar 45g,060410006139,CHIPS & SNACKS,Frito lay,,UNIT,2.39,0.0,8.0,2026-04-14,,Y,sold only,2.0,2.0,5.4,2026-04-19,2026-04-21,135,,REVIEW - no sale in 90+ days
23241,P-23241,Miss Vickie's Origianl 55g,060410071830,CHIPS & SNACKS,Miss Vickie's,,UNIT,2.39,0.0,0.0,2026-04-16,Y,Y,both,2.0,2.0,5.4,2026-04-24,2026-05-09,117,,REVIEW - no sale in 90+ days
268,P-1268,Double Bubble Gum Balls 36g,059642340005,"CANDY,GUMS & CHOCOLATES",,,UNIT,1.55,0.0,24.0,2026-04-14,,Y,sold only,2.0,3.0,5.25,2026-05-29,2026-08-26,8,,MIGRATE
23432,P-23432,Parlour Juice Pop,05506101,Ice cream,Nestle,,UNIT,1.55,0.0,0.0,2026-06-10,Y,Y,both,2.0,3.0,5.25,2026-07-02,2026-07-04,61,,MIGRATE
23374,P-23374,Shrimp Crackers,031146058549,CHIPS & SNACKS,Gochujang,,UNIT,0.0,0.0,0.0,2026-05-02,Y,Y,both,2.0,2.0,5.18,2026-05-14,2026-05-16,110,,REVIEW - no sale in 90+ days
4776,P-5776,NESTLE AERO MINT,059800523110,"CANDY,GUMS & CHOCOLATES",,,UNIT,2.21,0.0,5.0,2026-04-14,,Y,sold only,2.0,2.0,5.0,2026-08-29,2026-08-31,3,,REVIEW - 2 units or fewer
23582,P-23582,Margerine,059950300159,GROCERY NO TAX,flora,,UNIT,5.0,0.0,0.0,2026-08-29,Y,Y,both,1.0,1.0,5.0,2026-08-29,2026-08-29,5,,REVIEW - 2 units or fewer
23563,P-23563,IP PASTA,068062021746,GROCERY NO TAX,ROTINI,,UNIT,4.99,0.0,0.0,2026-08-09,Y,Y,both,1.0,1.0,4.99,2026-08-22,2026-08-22,12,,REVIEW - 2 units or fewer
2496,P-3496,diet a and w 2lt,059531001604,DRINKS,DRINKS,,UNIT,4.29,0.0,0.0,2026-04-14,,Y,sold only,1.0,1.0,4.85,2026-08-18,2026-08-18,16,,REVIEW - 2 units or fewer
2505,P-3505,sprite  zero sugar,067000110573,DRINKS,DRINKS,,UNIT,4.29,0.0,0.0,2026-04-14,,Y,sold only,1.0,1.0,4.85,2026-07-09,2026-07-09,56,,REVIEW - 2 units or fewer
5511,P-6511,SIFTO FALT,067568110800,GROCERY NO TAX,,,UNIT,2.75,0.0,2.0,2026-04-14,,Y,sold only,2.0,2.0,4.75,2026-05-11,2026-06-26,69,,REVIEW - 2 units or fewer
2397,P-3397,allens apple juice,056412503011,DRINKS,allens,,UNIT,3.99,0.0,0.0,2026-04-14,,Y,sold only,1.0,1.0,4.51,2026-04-25,2026-04-25,131,DUP-26,REVIEW - no sale in 90+ days
3351,P-4351,Trojan classic,061700930509,HEALTH & BEAUTY,,,UNIT,3.99,0.0,2.0,2026-04-14,,Y,sold only,1.0,1.0,4.51,2026-05-24,2026-05-24,102,,REVIEW - no sale in 90+ days
4086,P-5086,SEALTEST 3.25% 1L,064420000224,DAIRY PRODUCTS TAXABLE,,,UNIT,3.99,0.0,3.0,2026-04-14,,Y,sold only,1.0,1.0,4.51,2026-07-04,2026-07-04,61,,REVIEW - 2 units or fewer
5002,P-6002,FRUITIE FRUIT PUNCH,067311350026,DRINKS,,,UNIT,3.99,0.0,2.0,2026-04-14,,Y,sold only,1.0,1.0,4.51,2026-04-29,2026-04-29,127,,REVIEW - no sale in 90+ days
5167,P-6167,CANADA DRY CLUB SODA  2L,06216018,DRINKS,,,UNIT,3.99,0.0,2.0,2026-04-14,,Y,sold only,1.0,1.0,4.51,2026-07-24,2026-07-24,41,,REVIEW - 2 units or fewer
5466,P-6466,TANG ORANGE,066188055300,HEALTH & BEAUTY,,,UNIT,3.99,0.0,2.0,2026-04-14,,Y,sold only,1.0,1.0,4.51,2026-04-19,2026-04-19,137,,REVIEW - no sale in 90+ days
8654,P-9654,MONSTER ULTRA PEACHY KEEN,070847890720,DRINKS,DRINKS,,UNIT,3.99,0.0,0.0,2026-04-14,,Y,sold only,1.0,1.0,4.51,2026-08-11,2026-08-11,23,,REVIEW - 2 units or fewer
9388,P-10388,COMPOSTABL3E BIRCH FORKS 24,059212314153,HEALTH & BEAUTY,,,UNIT,3.99,1.79,2.0,2026-04-14,,Y,sold only,1.0,1.0,4.51,2026-06-09,2026-06-09,86,,REVIEW - 2 units or fewer
9864,P-10864,TAKIES BLUE HEAT,757528051143,CHIPS & SNACKS,,,UNIT,3.99,0.0,0.0,2026-04-14,,Y,sold only,1.0,1.0,4.51,2026-06-13,2026-06-13,82,,REVIEW - 2 units or fewer
16363,P-17363,raw classic 3 pack,716165296867,VAPE & CIGAR,Raw,,UNIT,3.99,3.99,0.0,2026-04-14,,Y,sold only,1.0,1.0,4.51,2026-08-06,2026-08-06,28,,REVIEW - 2 units or fewer
17220,P-18220,VASELINE UV 100 ML,8901030669125,HEALTH & BEAUTY,,,UNIT,3.99,0.0,0.0,2026-04-14,,Y,sold only,1.0,1.0,4.51,2026-05-03,2026-05-03,123,,REVIEW - no sale in 90+ days
20899,P-21899,ALL ONE SIZE,806712311454,HEALTH & BEAUTY,,BANDAGE,UNIT,3.99,0.0,1.0,2026-04-14,,Y,sold only,1.0,1.0,4.51,2026-06-04,2026-06-04,91,,REVIEW - no sale in 90+ days
22741,P-23741,Fanta Strawberry 2L,067000013775,DRINKS,fanta orange,,UNIT,3.99,1.0,0.0,2026-04-14,,Y,sold only,1.0,1.0,4.51,2026-06-05,2026-06-05,90,,REVIEW - 2 units or fewer
22830,P-23830,TAKIS FUEGO 260GM,757528052935,CHIPS,TAKIS,,UNIT,3.99,4.19,0.0,2026-04-14,,Y,sold only,1.0,1.0,4.51,2026-06-18,2026-06-18,77,,REVIEW - 2 units or fewer
22873,P-23873,PRINGLES HOT ONES 156G,064100150546,CHIPS,PRINGLES,,Unit.,3.99,2.89,0.0,2026-04-14,,Y,sold only,1.0,1.0,4.51,2026-06-15,2026-06-15,80,,REVIEW - 2 units or fewer
23273,P-23273,Spa Soap,852474166313,HEALTH & BEAUTY,,,UNIT,3.99,0.0,0.0,2026-04-16,Y,Y,both,1.0,1.0,4.51,2026-04-30,2026-04-30,126,,REVIEW - no sale in 90+ days
23278,P-23278,Pur-est liquid soap,806712306870,HEALTH & BEAUTY,,,UNIT,3.99,0.0,0.0,2026-04-16,Y,Y,both,1.0,1.0,4.51,2026-04-17,2026-04-17,139,DUP-27,REVIEW - no sale in 90+ days
23279,P-23279,Pur-est liquid soap,806712304708,HEALTH & BEAUTY,,,UNIT,3.99,0.0,0.0,2026-04-16,Y,Y,both,1.0,1.0,4.51,2026-05-24,2026-05-24,102,DUP-27,REVIEW - no sale in 90+ days
23307,P-23307,Tide detergent,6903148078884,GROCERY,,,UNIT,3.99,0.0,0.0,2026-04-16,Y,Y,both,1.0,1.0,4.51,2026-05-01,2026-05-01,125,DUP-07,REVIEW - no sale in 90+ days
23310,P-23310,Glue snare,6953937164014,GROCERY,,,UNIT,3.99,0.0,0.0,2026-04-16,Y,Y,both,1.0,1.0,4.51,2026-05-09,2026-05-09,117,,REVIEW - no sale in 90+ days
23368,P-23368,PC Club soda,060383125189,GROCERY,,,UNIT,3.99,0.0,0.0,2026-04-22,Y,Y,both,1.0,1.0,4.51,2026-05-02,2026-05-02,124,,REVIEW - no sale in 90+ days
23388,P-23388,Fanta 2l,067000013843,DRINKS,,,UNIT,3.99,0.0,0.0,2026-05-18,Y,Y,both,1.0,1.0,4.51,2026-05-25,2026-05-25,101,,REVIEW - no sale in 90+ days
23411,P-23411,Takis int. nacho,757528050511,CHIPS & SNACKS,,,UNIT,3.99,0.0,0.0,2026-05-28,Y,Y,both,1.0,1.0,4.51,2026-07-15,2026-07-15,50,,REVIEW - 2 units or fewer
23412,P-23412,Takis,757528052942,CHIPS & SNACKS,,,UNIT,0.0,0.0,0.0,2026-05-28,Y,Y,both,1.0,1.0,4.51,2026-07-12,2026-07-12,53,,REVIEW - 2 units or fewer
23514,P-23514,Cutlery,836739321877,GENERAL ITEMS,,,UNIT,3.99,0.0,0.0,2026-07-04,Y,Y,both,1.0,1.0,4.51,2026-07-07,2026-07-07,58,DUP-28,REVIEW - 2 units or fewer
23539,P-23539,7up zero sugar,06547436,DRINKS,,,UNIT,3.99,0.0,0.0,2026-07-16,Y,Y,both,1.0,1.0,4.51,2026-07-25,2026-07-25,40,,REVIEW - 2 units or fewer
23552,P-23552,Solid Vibe,990312906971,ENERGY DRINK,,,UNIT,3.99,0.0,0.0,2026-08-07,Y,Y,both,1.0,1.0,4.51,2026-08-11,2026-08-11,23,DUP-18,REVIEW - 2 units or fewer
23553,P-23553,Solid Vibe,990312906964,ENERGY DRINK,,,UNIT,3.99,0.0,0.0,2026-08-07,Y,Y,both,1.0,1.0,4.51,2026-08-23,2026-08-23,11,DUP-18,REVIEW - 2 units or fewer
5142,P-6142,PEACE TEA SNO BERRY,06787303,DRINKS,,,UNIT,1.99,0.0,2.0,2026-04-14,,Y,sold only,2.0,2.0,4.5,2026-05-26,2026-06-20,75,,REVIEW - 2 units or fewer
5143,P-6143,PEACE TEA RASPBERRY,06766504,DRINKS,,,UNIT,1.99,0.0,2.0,2026-04-14,,Y,sold only,2.0,2.0,4.5,2026-06-11,2026-06-18,77,,REVIEW - 2 units or fewer
9226,P-10226,Oreo Golden,066721026613,GROCERY NO TAX,,,UNIT,4.5,0.0,1.0,2026-04-14,,Y,sold only,1.0,1.0,4.5,2026-04-26,2026-04-26,130,,REVIEW - no sale in 90+ days
22906,P-23906,DAIRY MILK FRUIT & NUT 38GM,061200018448,"CANDY,GUMS & CHOCOLATES",DAIRY MILK 92 GM,,UNIT,2.21,0.0,0.0,2026-04-14,,Y,sold only,2.0,2.0,4.5,2026-08-19,2026-08-29,5,,REVIEW - 2 units or fewer
23311,P-23311,Cockroach trap,063252391913,GROCERY,,,UNIT,1.99,0.0,0.0,2026-04-16,Y,Y,both,1.0,2.0,4.5,2026-05-09,2026-05-09,117,,REVIEW - no sale in 90+ days
17904,P-18904,VEGGIE ORIGINAL,829515308582,CHIPS,,VEGGIE,UNIT,3.79,0.0,2.0,2026-04-14,,Y,sold only,1.0,1.0,4.28,2026-08-24,2026-08-24,10,,REVIEW - 2 units or fewer
331,P-1331,Friskie turkey Dinner 156g,056366115773,PET FOOD,Purina,,UNIT,1.77,0.0,5.0,2026-04-14,,Y,sold only,1.0,2.0,4.0,2026-06-18,2026-06-18,77,,REVIEW - 2 units or fewer
3187,P-4187,Mr GENERAL ITEMS pack spicy chicken,059491000778,GROCERY NO TAX,,,UNIT,1.0,0.0,2.0,2026-04-14,,Y,sold only,1.0,4.0,4.0,2026-04-21,2026-04-21,135,,REVIEW - no sale in 90+ days
4653,P-5653,FRISKIES CHICKEN & SALMON DINNER,050000161867,PET FOOD,,,UNIT,1.77,0.0,2.0,2026-04-14,,Y,sold only,1.0,2.0,4.0,2026-06-18,2026-06-18,77,,REVIEW - 2 units or fewer
23203,P-23203,Twisted tea pineapple,087692018551,Beer,,,UNIT,3.45,0.0,0.0,2026-04-15,Y,Y,both,1.0,1.0,4.0,2026-04-18,2026-04-18,138,,REVIEW - no sale in 90+ days
2120,P-3120,Pwrd,06748906,DRINKS,c,,UNIT,3.49,0.0,0.0,2026-04-14,,Y,sold only,1.0,1.0,3.94,2026-06-01,2026-06-01,94,,REVIEW - no sale in 90+ days
6154,P-7154,BLISTEX REGULAR,041388220611,HEALTH & BEAUTY,,,UNIT,3.49,0.0,2.0,2026-04-14,,Y,sold only,1.0,1.0,3.94,2026-08-25,2026-08-25,9,,REVIEW - 2 units or fewer
17030,P-18030,DOOR GUARD LOCK,063252376811,HARDWARE,,,UNIT,3.49,0.0,0.0,2026-04-14,,Y,sold only,1.0,1.0,3.94,2026-05-11,2026-05-11,115,,REVIEW - no sale in 90+ days
23583,P-23583,Aloa Vera Visvita,718122296545,DRINKS,,,UNIT,3.31,0.0,0.0,2026-09-02,Y,Y,both,1.0,1.0,3.74,2026-09-03,2026-09-03,0,,REVIEW - 2 units or fewer
23239,P-23239,Double Bubble,05964253,"CANDY,GUMS & CHOCOLATES",,,UNIT,0.25,0.0,0.0,2026-04-15,Y,Y,both,6.0,13.0,3.66,2026-06-23,2026-09-01,2,,MIGRATE
15516,P-16516,HEINEKEN 330UNIT,72890000224,Beer,,,UNIT,2.99,0.0,0.0,2026-04-14,,Y,sold only,1.0,1.0,3.58,2026-05-17,2026-05-17,109,,REVIEW - no sale in 90+ days
71,P-1071,High Tea Blunt Wraps Mango,751667206037,TOBACCO,HTL,,UNIT,3.1,0.0,25.0,2026-04-14,,Y,sold only,1.0,1.0,3.5,2026-06-23,2026-06-23,72,,REVIEW - 2 units or fewer
3479,P-4479,primo thick and zesty,055900006621,GROCERY NO TAX,,,UNIT,3.5,0.0,2.0,2026-04-14,,Y,sold only,1.0,1.0,3.5,2026-05-09,2026-05-09,117,,REVIEW - no sale in 90+ days
23248,P-23248,Luncheon Meat 340g,623190810404,GROCERY NO TAX,Mario's,,UNIT,3.5,0.0,0.0,2026-04-16,Y,Y,both,1.0,1.0,3.5,2026-08-17,2026-08-17,17,,REVIEW - 2 units or fewer
19647,P-20647,TWEEZERS,071603529007,HEALTH & BEAUTY,,TRIM,UNIT,3.09,0.0,1.0,2026-04-14,,Y,sold only,1.0,1.0,3.49,2026-07-05,2026-07-05,60,,REVIEW - 2 units or fewer
23406,P-23406,Bubly Peach,http://pepsico.info/TULXlA,DRINKS,Bubly,,UNIT,1.5,0.0,0.0,2026-05-24,Y,Y,both,2.0,2.0,3.4,2026-05-26,2026-06-09,86,,REVIEW - 2 units or fewer
22220,P-23220,Laker Ice 473ML Can,7031000170,Beer,LCBO,,unit,2.35,2.12,0.0,2026-04-14,,Y,sold only,1.0,1.0,3.39,2026-04-15,2026-04-15,141,,REVIEW - no sale in 90+ days
516,P-1516,Bubly Grapefruit,069000008294,DRINKS,Bubly,,UNIT,2.99,0.0,10.0,2026-04-14,,Y,sold only,1.0,1.0,3.38,2026-07-08,2026-07-08,57,,REVIEW - 2 units or fewer
517,P-1517,Bubly Lime,069000149171,DRINKS,Bubly,,UNIT,2.99,0.0,10.0,2026-04-14,,Y,sold only,1.0,1.0,3.38,2026-08-13,2026-08-13,21,,REVIEW - 2 units or fewer
624,P-1624,Xtricity light bulb clear 60 watts,621139639024,HEALTH & BEAUTY,,,UNIT,2.99,0.0,12.0,2026-04-14,,Y,sold only,1.0,1.0,3.38,2026-06-06,2026-06-06,89,,REVIEW - 2 units or fewer
1235,P-2235,HOT RIDER,070907298558,HEALTH & BEAUTY,,,UNIT,2.99,0.0,0.0,2026-04-14,,Y,sold only,1.0,1.0,3.38,2026-06-27,2026-06-27,68,,REVIEW - 2 units or fewer
1329,P-2329,BIC 5T,3086125705027,HEALTH & BEAUTY,,,UNIT,5.99,0.0,0.0,2026-04-14,,Y,sold only,1.0,1.0,3.38,2026-07-23,2026-07-23,42,,REVIEW - 2 units or fewer
1891,P-2891,BRASS LOCK 25MM,063252363729,SEASONAL,,,UNIT,3.1,0.0,0.0,2026-04-14,,Y,sold only,1.0,1.0,3.38,2026-08-06,2026-08-06,28,,REVIEW - 2 units or fewer
3288,P-4288,Band-aid,381370047544,HEALTH & BEAUTY,,,UNIT,2.99,1.67,2.0,2026-04-14,,Y,sold only,1.0,1.0,3.38,2026-04-19,2026-04-19,137,,REVIEW - no sale in 90+ days
3562,P-4562,5 gum cobalt,064900408403,"CANDY,GUMS & CHOCOLATES",,,UNIT,2.99,0.0,2.0,2026-04-14,,Y,sold only,1.0,1.0,3.38,2026-05-17,2026-05-17,109,,REVIEW - no sale in 90+ days
3742,P-4742,SOS 10 PADS,067029931012,HEALTH & BEAUTY,,,UNIT,2.99,1.76,3.0,2026-04-14,,Y,sold only,1.0,1.0,3.38,2026-06-14,2026-06-14,81,,REVIEW - 2 units or fewer
7182,P-8182,VASELINE BLUESEAL,60014399,HEALTH & BEAUTY,,,UNIT,2.99,1.29,0.0,2026-04-14,,Y,sold only,1.0,1.0,3.38,2026-07-04,2026-07-04,61,,REVIEW - 2 units or fewer
17211,P-18211,Lesalon nail clipper,061541046056,HEALTH & BEAUTY,,,UNIT,2.99,1.99,0.0,2026-04-14,,Y,sold only,1.0,1.0,3.38,2026-07-19,2026-07-19,46,,REVIEW - 2 units or fewer
23284,P-23284,Pure air,806712305286,GROCERY,,,UNIT,2.99,0.0,0.0,2026-04-16,Y,Y,both,1.0,1.0,3.38,2026-06-30,2026-06-30,65,DUP-29,REVIEW - 2 units or fewer
23339,P-23339,Bandage,806712311461,GENERAL ITEMS,,,UNIT,2.99,0.0,0.0,2026-04-17,Y,Y,both,1.0,1.0,3.38,2026-06-18,2026-06-18,77,DUP-30,REVIEW - 2 units or fewer
23400,P-23400,Peel Pop,850079218703,"CANDY,GUMS & CHOCOLATES",,,UNIT,2.99,0.0,0.0,2026-05-22,Y,Y,both,1.0,1.0,3.38,2026-05-26,2026-05-26,100,DUP-25,REVIEW - no sale in 90+ days
23401,P-23401,Peel pop,850079218666,"CANDY,GUMS & CHOCOLATES",,,UNIT,2.99,0.0,0.0,2026-05-22,Y,Y,both,1.0,1.0,3.38,2026-07-24,2026-07-24,41,DUP-25,REVIEW - 2 units or fewer
23403,P-23403,Peel pop,850079218642,"CANDY,GUMS & CHOCOLATES",,,UNIT,2.99,0.0,0.0,2026-05-22,Y,Y,both,1.0,1.0,3.38,2026-06-19,2026-06-19,76,DUP-25,REVIEW - 2 units or fewer
23537,P-23537,Brisk Ice Tea,069000016404,DRINKS,,,UNIT,2.99,0.0,0.0,2026-07-16,Y,Y,both,1.0,1.0,3.38,2026-07-20,2026-07-20,45,,REVIEW - 2 units or fewer
3738,P-4738,ROYAL SCRUB,063920019347,HEALTH & BEAUTY,,,UNIT,2.69,1.39,3.0,2026-04-14,,Y,sold only,1.0,1.0,3.04,2026-07-27,2026-07-27,38,,REVIEW - 2 units or fewer
87,P-1087,Zippo Flints,041689200657,VAPE & CIGAR,ZIPPO,,UNIT,2.66,0.0,24.0,2026-04-14,,Y,sold only,1.0,1.0,3.01,2026-08-23,2026-08-23,11,,REVIEW - 2 units or fewer
4857,P-5857,ZIG ZAG BLUE,008660100207,TOBACCO,,,UNIT,2.66,0.0,16.0,2026-04-14,,Y,sold only,1.0,1.0,3.01,2026-06-04,2026-06-04,91,,REVIEW - no sale in 90+ days
3005,P-4005,Carnation evaporated Milk 354ml,059000003115,GROCERY NO TAX,Carnation,,UNIT,2.99,0.0,2.0,2026-04-14,,Y,sold only,1.0,1.0,2.99,2026-04-27,2026-04-27,129,,REVIEW - no sale in 90+ days
3033,P-4033,Windsor Table Salt,066010001055,GROCERY NO TAX,,,UNIT,2.99,0.0,2.0,2026-04-14,,Y,sold only,1.0,1.0,2.99,2026-06-17,2026-06-17,78,,REVIEW - 2 units or fewer
185,P-1185,Uncle Rays BBQ CHIPS & SNACKS 130g,614156061527,CHIPS & SNACKS,Uncle Rays,,UNIT,2.5,0.0,8.0,2026-04-14,,Y,sold only,1.0,1.0,2.82,2026-05-13,2026-05-13,113,,REVIEW - no sale in 90+ days
23257,P-23257,Cotton Swabs,806712307785,HEALTH & BEAUTY,,,UNIT,2.5,0.0,0.0,2026-04-16,Y,Y,both,1.0,1.0,2.82,2026-04-30,2026-04-30,126,,REVIEW - no sale in 90+ days
23530,P-23530,Small Trey,055966900291,GROCERY,,,UNIT,2.5,0.0,0.0,2026-07-15,Y,Y,both,1.0,1.0,2.82,2026-08-11,2026-08-11,23,,REVIEW - 2 units or fewer
7156,P-8156,LETS PARTY 24,062823450493,HEALTH & BEAUTY,,,UNIT,2.49,1.09,2.0,2026-04-14,,Y,sold only,1.0,1.0,2.81,2026-04-30,2026-04-30,126,,REVIEW - no sale in 90+ days
17858,P-18858,GARBAGE BAGS,825096000150,HEALTH & BEAUTY,,,UNIT,2.49,0.0,2.0,2026-04-14,,Y,sold only,1.0,1.0,2.81,2026-08-28,2026-08-28,6,,REVIEW - 2 units or fewer
2148,P-3148,sour cream and onion small,060410047644,CHIPS & SNACKS,Ruffles,,UNIT,2.39,0.0,0.0,2026-04-14,,Y,sold only,1.0,1.0,2.7,2026-04-17,2026-04-17,139,,REVIEW - no sale in 90+ days
2149,P-3149,all dressed 60g,060410048665,CHIPS & SNACKS,Ruffles,,UNIT,2.39,0.0,0.0,2026-04-14,,Y,sold only,1.0,1.0,2.7,2026-05-07,2026-05-07,119,,REVIEW - no sale in 90+ days
2150,P-3150,ket,060410042526,CHIPS & SNACKS,Lay's,,UNIT,2.19,0.0,0.0,2026-04-14,,Y,sold only,1.0,1.0,2.7,2026-04-15,2026-04-15,141,,REVIEW - no sale in 90+ days
13797,P-14797,bubbly mango,69000159361,GENERAL ITEMS,,,UNIT,2.29,0.0,0.0,2026-04-14,,Y,sold only,1.0,1.0,2.59,2026-08-29,2026-08-29,5,,REVIEW - 2 units or fewer
23262,P-23262,Lesalon Cosmetic pads,061541478116,HEALTH & BEAUTY,,,UNIT,2.25,0.0,0.0,2026-04-16,Y,Y,both,1.0,1.0,2.54,2026-06-05,2026-06-05,90,,REVIEW - 2 units or fewer
4575,P-5575,"POP SHOP COTTON CANDY,GUMS & CHOCOLATES",180009000338,DRINKS,,,UNIT,2.22,0.0,1.0,2026-04-14,,Y,sold only,1.0,1.0,2.51,2026-04-18,2026-04-18,138,,REVIEW - no sale in 90+ days
21802,P-22802,Primo Elbows 454g,055900000346,GROCERY NO TAX,coremark,,UNIT,2.5,1.99,0.0,2026-04-14,,Y,sold only,1.0,1.0,2.5,2026-06-04,2026-06-04,91,,REVIEW - no sale in 90+ days
23295,P-23295,Lancia Fusilli,064200130585,GROCERY NO TAX,,,UNIT,2.5,0.0,0.0,2026-04-16,Y,Y,both,1.0,1.0,2.5,2026-08-02,2026-08-02,32,,REVIEW - 2 units or fewer
23298,P-23298,Soy Sauce,667888242337,GROCERY NO TAX,,,UNIT,2.5,0.0,0.0,2026-04-16,Y,Y,both,1.0,1.0,2.5,2026-06-30,2026-06-30,65,,REVIEW - 2 units or fewer
1374,P-2374,JUMBO COTTON BALLS,059338125077,HEALTH & BEAUTY,,,UNIT,1.99,0.0,0.0,2026-04-14,,Y,sold only,1.0,1.0,2.25,2026-07-25,2026-07-25,40,,REVIEW - 2 units or fewer
7252,P-8252,RAW TIPS ROLL,716165179481,TOBACCO,,,UNIT,1.99,0.0,2.0,2026-04-14,,Y,sold only,1.0,1.0,2.25,2026-06-23,2026-06-23,72,,REVIEW - 2 units or fewer
23499,P-23499,Little Hearts,8901063136250,SNACK,Britania,,UNIT,1.99,0.0,0.0,2026-06-29,Y,Y,both,1.0,1.0,2.25,2026-08-02,2026-08-02,32,,REVIEW - 2 units or fewer
7372,P-8372,FRISKIES SEAFOOD SUPREME,056366006989,PET FOOD,,,UNIT,1.77,0.0,2.0,2026-04-14,,Y,sold only,1.0,1.0,2.0,2026-07-01,2026-07-01,64,,REVIEW - 2 units or fewer
4654,P-5654,FRISKIES CHEF'S DINNER,056366006965,PET FOOD,,,UNIT,1.49,0.0,2.0,2026-04-14,,Y,sold only,1.0,1.0,1.68,2026-08-05,2026-08-05,29,,REVIEW - 2 units or fewer
23579,P-23579,Hello Panda,072320700403,GROCERY,,,UNIT,1.0,0.0,0.0,2026-08-24,Y,Y,both,1.0,1.0,1.13,2026-08-31,2026-08-31,3,,REVIEW - 2 units or fewer
23419,P-23419,Allens Apple Juice,056412700052,JUICE,,,UNIT,0.89,0.0,0.0,2026-06-02,Y,Y,both,1.0,1.0,1.01,2026-07-26,2026-07-26,39,DUP-26,REVIEW - 2 units or fewer
23345,P-23345,ATM DEPOSIT,24345,GENERAL NO TAX,,,UNIT,0.0,0.0,0.0,2026-04-17,Y,Y,both,1.0,1.0,-400.0,2026-04-19,2026-04-19,137,,REVIEW - no sale in 90+ days
23184,P-23184,INSTANT PAY OUT,23184,LOTTERY,,,UNIT,0.0,0.0,0.0,2026-04-15,Y,Y,both,1024.0,1031.0,-28294.2,2026-04-15,2026-09-03,0,,MIGRATE
23182,P-23182,LOTTO PAY OUT,23182,LOTTERY,,,UNIT,0.0,0.0,0.0,2026-04-15,Y,Y,both,991.0,1015.0,-35969.4,2026-04-15,2026-09-03,0,,MIGRATE
23186,P-23186,GOOD CALL 2.5,32012500806125,phone card,,,UNIT,2.5,0.0,0.0,2026-04-15,Y,,added only,,,,NULL,NULL,,,"REVIEW - new, no sales yet"
23192,P-23192,Camel select 20,060100045592,TOBACCO,,,UNIT,12.17,0.0,0.0,2026-04-15,Y,,added only,,,,NULL,NULL,,,"REVIEW - new, no sales yet"
23195,P-23195,Type C cable,197190301632,ELECTRONICS,,,UNIT,9.99,0.0,0.0,2026-04-15,Y,,added only,,,,NULL,NULL,,,"REVIEW - new, no sales yet"
23247,P-23247,Titan Freezer Bags,059212971448,GENERAL ITEMS,titan,,UNIT,2.75,0.0,0.0,2026-04-16,Y,,added only,,,,NULL,NULL,,,"REVIEW - new, no sales yet"
23249,P-23249,Wild Pink Salmon,065302000035,GROCERY NO TAX,,,UNIT,5.99,0.0,0.0,2026-04-16,Y,,added only,,,,NULL,NULL,,,"REVIEW - new, no sales yet"
23251,P-23251,Teco Earphones,197111051998,cell phone accesroies,Teco,,UNIT,11.99,0.0,0.0,2026-04-16,Y,,added only,,,,NULL,NULL,,,"REVIEW - new, no sales yet"
23252,P-23252,USB-C Earphones,197111058195,cell phone accesroies,Teco,,UNIT,11.99,0.0,0.0,2026-04-16,Y,,added only,,,,NULL,NULL,,,"REVIEW - new, no sales yet"
23253,P-23253,Saniblend Cleaner,834605003834,GROCERY,,,UNIT,14.99,0.0,0.0,2026-04-16,Y,,added only,,,,NULL,NULL,,,"REVIEW - new, no sales yet"
23254,P-23254,TMPR Hydrogen Peroxide,757350671519,HEALTH & BEAUTY,,,UNIT,3.99,0.0,0.0,2026-04-16,Y,,added only,,,,NULL,NULL,,,"REVIEW - new, no sales yet"
23255,P-23255,WD-40,061536012721,GROCERY,,,UNIT,9.99,0.0,0.0,2026-04-16,Y,,added only,,,,NULL,NULL,,,"REVIEW - new, no sales yet"
23256,P-23256,Equate Nail Polish Remover,627735010373,HEALTH & BEAUTY,,,UNIT,5.75,0.0,0.0,2026-04-16,Y,,added only,,,,NULL,NULL,,,"REVIEW - new, no sales yet"
23258,P-23258,Gillette shaving foam 49gm,065513197661,HEALTH & BEAUTY,,,UNIT,1.99,0.0,0.0,2026-04-16,Y,,added only,,,,NULL,NULL,,,"REVIEW - new, no sales yet"
23261,P-23261,Axe Phonix,079400550200,HEALTH & BEAUTY,,,UNIT,5.99,0.0,0.0,2026-04-16,Y,,added only,,,,NULL,NULL,,,"REVIEW - new, no sales yet"
23263,P-23263,SBK Knee support,6939535768113,HEALTH & BEAUTY,,,UNIT,3.99,0.0,0.0,2026-04-16,Y,,added only,,,,NULL,NULL,,,"REVIEW - new, no sales yet"
23264,P-23264,Pur-est Cotton swab,806712309116,HEALTH & BEAUTY,,,UNIT,2.5,0.0,0.0,2026-04-16,Y,,added only,,,,NULL,NULL,,,"REVIEW - new, no sales yet"
23265,P-23265,Q-tips cotton swabs,065656913500,HEALTH & BEAUTY,,,UNIT,4.99,0.0,0.0,2026-04-16,Y,,added only,,,,NULL,NULL,,,"REVIEW - new, no sales yet"
23266,P-23266,Lovu cotton swabs,059338134666,HEALTH & BEAUTY,,,UNIT,3.99,0.0,0.0,2026-04-16,Y,,added only,,,,NULL,NULL,,,"REVIEW - new, no sales yet"
23268,P-23268,Garnier Fructis Shampoo,603084491254,HEALTH & BEAUTY,,,UNIT,6.99,0.0,0.0,2026-04-16,Y,,added only,,,,NULL,NULL,,,"REVIEW - new, no sales yet"
23269,P-23269,Nivea Men Shower Gel,056594008632,HEALTH & BEAUTY,,,UNIT,8.99,0.0,0.0,2026-04-16,Y,,added only,,,,NULL,NULL,,DUP-31,"REVIEW - new, no sales yet"
23271,P-23271,Nivea Men Boost Shower Gel,056594018679,HEALTH & BEAUTY,,,UNIT,8.99,0.0,0.0,2026-04-16,Y,,added only,,,,NULL,NULL,,,"REVIEW - new, no sales yet"
23272,P-23272,Dove Shampoo,079400677297,HEALTH & BEAUTY,,,UNIT,8.99,0.0,0.0,2026-04-16,Y,,added only,,,,NULL,NULL,,,"REVIEW - new, no sales yet"
23274,P-23274,Gillette Series,047400662209,HEALTH & BEAUTY,,,UNIT,7.99,0.0,0.0,2026-04-16,Y,,added only,,,,NULL,NULL,,,"REVIEW - new, no sales yet"
23275,P-23275,Dove Hair Spray Extra Hold,079400209832,HEALTH & BEAUTY,,,UNIT,9.99,0.0,0.0,2026-04-16,Y,,added only,,,,NULL,NULL,,,"REVIEW - new, no sales yet"
23276,P-23276,Pantene,080878044481,HEALTH & BEAUTY,,,UNIT,7.99,0.0,0.0,2026-04-16,Y,,added only,,,,NULL,NULL,,,"REVIEW - new, no sales yet"
23277,P-23277,Nivea men Shower Gel,056594010130,HEALTH & BEAUTY,,,UNIT,8.99,0.0,0.0,2026-04-16,Y,,added only,,,,NULL,NULL,,DUP-31,"REVIEW - new, no sales yet"
23280,P-23280,Nivea men shower,8067123047084005808229420,HEALTH & BEAUTY,,,UNIT,8.99,0.0,0.0,2026-04-16,Y,,added only,,,,NULL,NULL,,,"REVIEW - new, no sales yet"
23282,P-23282,Snuggle air freshner,087399590954,GROCERY,,,UNIT,2.99,0.0,0.0,2026-04-16,Y,,added only,,,,NULL,NULL,,,"REVIEW - new, no sales yet"
23283,P-23283,Pure air,806712310396,GROCERY,,,UNIT,2.99,0.0,0.0,2026-04-16,Y,,added only,,,,NULL,NULL,,DUP-29,"REVIEW - new, no sales yet"
23286,P-23286,Dove Men care shampoo,079400469267,HEALTH & BEAUTY,,,UNIT,8.99,0.0,0.0,2026-04-16,Y,,added only,,,,NULL,NULL,,,"REVIEW - new, no sales yet"
23287,P-23287,Conrstarch Baby Powder,060383157814,HEALTH & BEAUTY,,,UNIT,7.99,0.0,0.0,2026-04-16,Y,,added only,,,,NULL,NULL,,,"REVIEW - new, no sales yet"
23289,P-23289,Tetley Green Tea,057174024417,GROCERY NO TAX,,,UNIT,4.99,0.0,0.0,2026-04-16,Y,,added only,,,,NULL,NULL,,,"REVIEW - new, no sales yet"
23291,P-23291,Noorani Hanna,813107000022,HEALTH & BEAUTY,,,UNIT,5.99,0.0,0.0,2026-04-16,Y,,added only,,,,NULL,NULL,,DUP-21,"REVIEW - new, no sales yet"
23292,P-23292,Fujian Black tea,6901118888013,GROCERY NO TAX,,,UNIT,2.99,0.0,0.0,2026-04-16,Y,,added only,,,,NULL,NULL,,,"REVIEW - new, no sales yet"
23294,P-23294,Primo Spaghettini,055900000322,GROCERY NO TAX,,,UNIT,2.5,0.0,0.0,2026-04-16,Y,,added only,,,,NULL,NULL,,,"REVIEW - new, no sales yet"
23296,P-23296,Pure clean dish washing solution,806712307839,GROCERY,,,UNIT,2.99,0.0,0.0,2026-04-16,Y,,added only,,,,NULL,NULL,,,"REVIEW - new, no sales yet"
23297,P-23297,Kalas sea salt,061308400107,GROCERY NO TAX,,,UNIT,2.99,0.0,0.0,2026-04-16,Y,,added only,,,,NULL,NULL,,,"REVIEW - new, no sales yet"
23301,P-23301,Maria christina,063657001745,Wine,,,UNIT,18.41,0.0,0.0,2026-04-16,Y,,added only,,,,NULL,NULL,,DUP-15,"REVIEW - new, no sales yet"
23302,P-23302,Venice shot glass,069237012408,GROCERY,,,UNIT,3.99,0.0,0.0,2026-04-16,Y,,added only,,,,NULL,NULL,,,"REVIEW - new, no sales yet"
23308,P-23308,Catch master,029049006101,GROCERY,,,UNIT,5.99,0.0,0.0,2026-04-16,Y,,added only,,,,NULL,NULL,,,"REVIEW - new, no sales yet"
23312,P-23312,Uni blue air freshner,6287508115564,GROCERY,,,UNIT,3.99,0.0,0.0,2026-04-16,Y,,added only,,,,NULL,NULL,,,"REVIEW - new, no sales yet"
23315,P-23315,Wellson duct tape,063252385387,GROCERY,,,UNIT,2.99,0.0,0.0,2026-04-16,Y,,added only,,,,NULL,NULL,,,"REVIEW - new, no sales yet"
23316,P-23316,Wellson painters tape,063252385554,GROCERY,,,UNIT,2.99,0.0,0.0,2026-04-16,Y,,added only,,,,NULL,NULL,,,"REVIEW - new, no sales yet"
23317,P-23317,Wellson insulation tape,063252385462,GROCERY,,,UNIT,2.99,0.0,0.0,2026-04-16,Y,,added only,,,,NULL,NULL,,,"REVIEW - new, no sales yet"
23318,P-23318,Wild pard shoe polish,698931001434,GROCERY,,,UNIT,2.99,0.0,0.0,2026-04-16,Y,,added only,,,,NULL,NULL,,DUP-32,"REVIEW - new, no sales yet"
23319,P-23319,Wild pard shoe polish,698931001427,GROCERY,,,UNIT,3.99,0.0,0.0,2026-04-16,Y,,added only,,,,NULL,NULL,,DUP-32,"REVIEW - new, no sales yet"
23332,P-23332,Captain Black,24332,TOBACCO Accessories,,,UNIT,2.22,0.0,0.0,2026-04-17,Y,,added only,,,,NULL,NULL,,DUP-33,"REVIEW - new, no sales yet"
23333,P-23333,Captain Black,24333,TOBACCO Accessories,,,UNIT,2.22,0.0,0.0,2026-04-17,Y,,added only,,,,NULL,NULL,,DUP-33,"REVIEW - new, no sales yet"
23338,P-23338,Bandage,806712311553,GENERAL ITEMS,,,UNIT,2.99,0.0,0.0,2026-04-17,Y,,added only,,,,NULL,NULL,,DUP-30,"REVIEW - new, no sales yet"
23340,P-23340,Adaptor Plug,624274515444,Cables and Chargers,eLink,,UNIT,2.99,0.0,0.0,2026-04-17,Y,,added only,,,,NULL,NULL,,,"REVIEW - new, no sales yet"
23341,P-23341,Durag,829534916218,HEALTH & BEAUTY,,,UNIT,3.99,0.0,0.0,2026-04-17,Y,,added only,,,,NULL,NULL,,DUP-34,"REVIEW - new, no sales yet"
23342,P-23342,Du-Rag,698931001885,HEALTH & BEAUTY,,,UNIT,3.99,0.0,0.0,2026-04-17,Y,,added only,,,,NULL,NULL,,DUP-34,"REVIEW - new, no sales yet"
23344,P-23344,SUPPLIER PAYOUT,24344,GENERAL NO TAX,,,UNIT,0.0,0.0,0.0,2026-04-17,Y,,added only,,,,NULL,NULL,,,"REVIEW - new, no sales yet"
23355,P-23355,Match 25 K Carton,779186000943,TOBACCO,Match,,UNIT,95.58,0.0,0.0,2026-04-18,Y,,added only,,,,NULL,NULL,,,"REVIEW - new, no sales yet"
23356,P-23356,Match 20 K Carton,779186002039,TOBACCO,,,UNIT,95.58,0.0,0.0,2026-04-18,Y,,added only,,,,NULL,NULL,,,"REVIEW - new, no sales yet"
23357,P-23357,Match Chic 25 K Caton,779186001001,TOBACCO,Match,,UNIT,95.58,0.0,0.0,2026-04-18,Y,,added only,,,,NULL,NULL,,,"REVIEW - new, no sales yet"
23362,P-23362,HEM GULAB,8901810000018,GROCERY,,,UNIT,0.0,0.0,0.0,2026-04-18,Y,,added only,,,,NULL,NULL,,,"REVIEW - new, no sales yet"
23363,P-23363,HEM 3IN1,8901810000056,GROCERY,,,UNIT,0.0,0.0,0.0,2026-04-18,Y,,added only,,,,NULL,NULL,,,"REVIEW - new, no sales yet"
23365,P-23365,Haagen Dazs,055000205542,Ice cream,,,UNIT,8.99,0.0,0.0,2026-04-22,Y,,added only,,,,NULL,NULL,,DUP-16,"REVIEW - new, no sales yet"
23376,P-23376,Peach Tea Peach,2437606766407,bevrages,,,UNIT,1.99,0.0,0.0,2026-05-06,Y,,added only,,,,NULL,NULL,,,"REVIEW - new, no sales yet"
23379,P-23379,hip flask,6911831010028,OTHER,,,UNIT,9.99,0.0,0.0,2026-05-10,Y,,added only,,,,NULL,NULL,,DUP-35,"REVIEW - new, no sales yet"
23380,P-23380,hip flask,6911831010035,OTHER,,,UNIT,9.99,0.0,0.0,2026-05-10,Y,,added only,,,,NULL,NULL,,DUP-35,"REVIEW - new, no sales yet"
23402,P-23402,Peel Pop,850079218673,"CANDY,GUMS & CHOCOLATES",,,UNIT,2.99,0.0,0.0,2026-05-22,Y,,added only,,,,NULL,NULL,,DUP-25,"REVIEW - new, no sales yet"
23431,P-23431,parlour Pop Mango,05506208,Ice cream,Nestle,,UNIT,1.55,0.0,0.0,2026-06-10,Y,,added only,,,,NULL,NULL,,,"REVIEW - new, no sales yet"
23435,P-23435,RXBAR,24435,"CANDY,GUMS & CHOCOLATES",,,UNIT,2.21,0.0,0.0,2026-06-11,Y,,added only,,,,NULL,NULL,,DUP-24,"REVIEW - new, no sales yet"
23441,P-23441,bush ice single,062067376191,Beer,,,UNIT,2.59,0.0,0.0,2026-06-14,Y,,added only,,,,NULL,NULL,,,"REVIEW - new, no sales yet"
23448,P-23448,Ven Dens Adapter,5056594115120,Electronics - My top gift,,,UNIT,37.99,0.0,0.0,2026-06-19,Y,,added only,,,,NULL,NULL,,DUP-09,"REVIEW - new, no sales yet"
23450,P-23450,Hoco Charger,69420762056,Electronics - My top gift,,,UNIT,15.99,0.0,0.0,2026-06-19,Y,,added only,,,,NULL,NULL,,DUP-12,"REVIEW - new, no sales yet"
23453,P-23453,Ven Dens Wireless charger,5060674508948,Electronics - My top gift,,,UNIT,17.99,0.0,0.0,2026-06-19,Y,,added only,,,,NULL,NULL,,,"REVIEW - new, no sales yet"
23455,P-23455,Hoco BT Speaker,6931474798879,Electronics - My top gift,,,UNIT,29.99,0.0,0.0,2026-06-19,Y,,added only,,,,NULL,NULL,,DUP-36,"REVIEW - new, no sales yet"
23456,P-23456,Hoco - BT Speaker,6931474798886,Electronics - My top gift,,,UNIT,29.99,0.0,0.0,2026-06-19,Y,,added only,,,,NULL,NULL,,DUP-36,"REVIEW - new, no sales yet"
23457,P-23457,Hoco Headset,6942007640077,Electronics - My top gift,,,UNIT,35.99,0.0,0.0,2026-06-19,Y,,added only,,,,NULL,NULL,,DUP-37,"REVIEW - new, no sales yet"
23458,P-23458,Hoco Headset,6942007629188,Electronics - My top gift,,,UNIT,51.99,0.0,0.0,2026-06-19,Y,,added only,,,,NULL,NULL,,DUP-37,"REVIEW - new, no sales yet"
23459,P-23459,Hoco Headset with case,6942007609982,Electronics - My top gift,,,UNIT,37.99,0.0,0.0,2026-06-19,Y,,added only,,,,NULL,NULL,,DUP-38,"REVIEW - new, no sales yet"
23460,P-23460,Hoco Headset with case,6931474788863,Electronics - My top gift,,,UNIT,35.99,0.0,0.0,2026-06-19,Y,,added only,,,,NULL,NULL,,DUP-38,"REVIEW - new, no sales yet"
23462,P-23462,Hoco charger adapter,6942007652032,Electronics - My top gift,,,UNIT,12.99,0.0,0.0,2026-06-19,Y,,added only,,,,NULL,NULL,,,"REVIEW - new, no sales yet"
23463,P-23463,Hoco Charger,6942007652049,Electronics - My top gift,,,UNIT,15.99,0.0,0.0,2026-06-19,Y,,added only,,,,NULL,NULL,,DUP-12,"REVIEW - new, no sales yet"
23467,P-23467,Van Dens Earphones,5060674508870,Electronics - My top gift,,,UNIT,8.99,0.0,0.0,2026-06-19,Y,,added only,,,,NULL,NULL,,DUP-05,"REVIEW - new, no sales yet"
23469,P-23469,Van Dens Power bank,5056594152088,Electronics - My top gift,,,UNIT,27.99,0.0,0.0,2026-06-19,Y,,added only,,,,NULL,NULL,,DUP-14,"REVIEW - new, no sales yet"
23470,P-23470,Hoco Socket,6942007607124,Electronics - My top gift,,,UNIT,29.99,0.0,0.0,2026-06-19,Y,,added only,,,,NULL,NULL,,,"REVIEW - new, no sales yet"
23471,P-23471,Ven Dens Mini Car Charger,5060674507743,Electronics - My top gift,,,UNIT,9.99,0.0,0.0,2026-06-19,Y,,added only,,,,NULL,NULL,,,"REVIEW - new, no sales yet"
23474,P-23474,HocoMini Charger,6942007644754,Electronics - My top gift,,,UNIT,16.99,0.0,0.0,2026-06-19,Y,,added only,,,,NULL,NULL,,,"REVIEW - new, no sales yet"
23475,P-23475,Ven Dens Car Holder,5056594114666,Electronics - My top gift,,,UNIT,11.99,0.0,0.0,2026-06-19,Y,,added only,,,,NULL,NULL,,DUP-17,"REVIEW - new, no sales yet"
23479,P-23479,Ven dens car holder,5056594152354,Electronics - My top gift,,,UNIT,6.99,0.0,0.0,2026-06-19,Y,,added only,,,,NULL,NULL,,DUP-17,"REVIEW - new, no sales yet"
23480,P-23480,Ven dens cable,5060674507453,Electronics - My top gift,,,UNIT,12.99,0.0,0.0,2026-06-19,Y,,added only,,,,NULL,NULL,,DUP-23,"REVIEW - new, no sales yet"
23481,P-23481,Ven dens cable,5060674507460,Electronics - My top gift,,,UNIT,12.99,0.0,0.0,2026-06-19,Y,,added only,,,,NULL,NULL,,DUP-23,"REVIEW - new, no sales yet"
23484,P-23484,Ven Dens Cable,5056594153153,Electronics - My top gift,,,UNIT,12.99,0.0,0.0,2026-06-19,Y,,added only,,,,NULL,NULL,,DUP-23,"REVIEW - new, no sales yet"
23486,P-23486,Cable,Cable - My top gift,Electronics - My top gift,,,UNIT,5.99,0.0,0.0,2026-06-19,Y,,added only,,,,NULL,NULL,,DUP-11,"REVIEW - new, no sales yet"
23488,P-23488,Borofone Headphones,6941991101694,Electronics - My top gift,,,UNIT,49.99,0.0,0.0,2026-06-19,Y,,added only,,,,NULL,NULL,,DUP-10,"REVIEW - new, no sales yet"
23489,P-23489,Ven Dens Gaming Head Phones,5056594195597,Electronics - My top gift,,,UNIT,26.99,0.0,0.0,2026-06-19,Y,,added only,,,,NULL,NULL,,,"REVIEW - new, no sales yet"
23490,P-23490,Hoco Kids HeadPhones,6942007638555,Electronics - My top gift,,,UNIT,33.99,0.0,0.0,2026-06-19,Y,,added only,,,,NULL,NULL,,,"REVIEW - new, no sales yet"
23491,P-23491,Hoco BT Speaker,6931474752857,Electronics - My top gift,,,UNIT,60.99,0.0,0.0,2026-06-19,Y,,added only,,,,NULL,NULL,,DUP-36,"REVIEW - new, no sales yet"
23492,P-23492,Borofone Headphones,6941991101700,Electronics - My top gift,,,UNIT,49.99,0.0,0.0,2026-06-19,Y,,added only,,,,NULL,NULL,,DUP-10,"REVIEW - new, no sales yet"
23493,P-23493,Hoco Hair Clipper,6942007623780,Electronics - My top gift,,,UNIT,49.99,0.0,0.0,2026-06-19,Y,,added only,,,,NULL,NULL,,,"REVIEW - new, no sales yet"
23505,P-23505,High Speed Ultra Quiet HX64,6942007652650,ELECTRONICS,hoco,,UNIT,34.99,0.0,0.0,2026-07-03,Y,,added only,,,,NULL,NULL,,,"REVIEW - new, no sales yet"
23507,P-23507,Ultra thin HOCO HX 65,6942007652667,ELECTRONICS,hoco,,UNIT,26.99,0.0,0.0,2026-07-03,Y,,added only,,,,NULL,NULL,,,"REVIEW - new, no sales yet"
23513,P-23513,Cutlery,836739322140,GENERAL ITEMS,,,UNIT,3.99,0.0,0.0,2026-07-04,Y,,added only,,,,NULL,NULL,,DUP-28,"REVIEW - new, no sales yet"
23521,P-23521,Tim Hortons,063209082277,GROCERY NO TAX,Dark Roast,,UNIT,15.99,0.0,0.0,2026-07-11,Y,,added only,,,,NULL,NULL,,,"REVIEW - new, no sales yet"
23523,P-23523,Nescafe,055000489256,GROCERY NO TAX,Nescafe,,UNIT,9.99,0.0,0.0,2026-07-13,Y,,added only,,,,NULL,NULL,,,"REVIEW - new, no sales yet"
23524,P-23524,Oreo Puffs,628154458197,GROCERY NO TAX,OREO,,UNIT,5.5,0.0,0.0,2026-07-13,Y,,added only,,,,NULL,NULL,,,"REVIEW - new, no sales yet"
23525,P-23525,Cheerios,065633234512,GENERAL NO TAX,Cheerios,,UNIT,5.5,0.0,0.0,2026-07-13,Y,,added only,,,,NULL,NULL,,,"REVIEW - new, no sales yet"
23526,P-23526,Tea bag,059749938747,GENERAL NO TAX,Irresistible,,UNIT,8.99,0.0,0.0,2026-07-13,Y,,added only,,,,NULL,NULL,,,"REVIEW - new, no sales yet"
23528,P-23528,Strongmore Aluminium Foil,806712305026,GROCERY,,,UNIT,5.99,0.0,0.0,2026-07-15,Y,,added only,,,,NULL,NULL,,,"REVIEW - new, no sales yet"
23529,P-23529,Large Trey,055966900321,GROCERY,,,UNIT,4.5,0.0,0.0,2026-07-15,Y,,added only,,,,NULL,NULL,,,"REVIEW - new, no sales yet"
23556,P-23556,Pure air,806712310402,GENERAL ITEMS,,,UNIT,6.5,0.0,0.0,2026-08-08,Y,,added only,,,,NULL,NULL,,DUP-29,"REVIEW - new, no sales yet"
23557,P-23557,Pure Air,055966919088,GENERAL ITEMS,,,UNIT,6.5,0.0,0.0,2026-08-08,Y,,added only,,,,NULL,NULL,,DUP-29,"REVIEW - new, no sales yet"
23558,P-23558,Purew Air,806712305279,GENERAL ITEMS,,,UNIT,6.5,0.0,0.0,2026-08-08,Y,,added only,,,,NULL,NULL,,,"REVIEW - new, no sales yet"
23559,P-23559,Craze chocolays,777550513471,BAKERY,HOSTESS,,UNIT,4.59,0.0,0.0,2026-08-08,Y,,added only,,,,NULL,NULL,,,"REVIEW - new, no sales yet"
23567,P-23567,Shakti Coconut oil,828158272557,GROCERY NO TAX,,,UNIT,9.99,0.0,0.0,2026-08-17,Y,,added only,,,,NULL,NULL,,,"REVIEW - new, no sales yet"
23568,P-23568,Milano Giant Lady Biscuts,062858101209,GROCERY,Milano,,UNIT,3.99,0.0,0.0,2026-08-17,Y,,added only,,,,NULL,NULL,,,"REVIEW - new, no sales yet"
23569,P-23569,Gatorade,057271165044,ENERGY DRINK,,,UNIT,3.1,0.0,0.0,2026-08-18,Y,,added only,,,,NULL,NULL,,DUP-20,"REVIEW - new, no sales yet"
23570,P-23570,Haiegendas Choc,055000205665,ICE CREAMS,,,UNIT,8.99,0.0,0.0,2026-08-20,Y,,added only,,,,NULL,NULL,,,"REVIEW - new, no sales yet"
23571,P-23571,chuny monkey,058779144524,Ice cream,BEN & JERRYS,,UNIT,8.99,0.0,0.0,2026-08-20,Y,,added only,,,,NULL,NULL,,,"REVIEW - new, no sales yet"
23574,P-23574,Axe 48H,079400412935,GROCERY NO TAX,Axe,,UNIT,4.99,0.0,0.0,2026-08-23,Y,,added only,,,,NULL,NULL,,,"REVIEW - new, no sales yet"
23575,P-23575,Qtips small,305219051004,GROCERY NO TAX,Qtips,,UNIT,4.99,0.0,0.0,2026-08-23,Y,,added only,,,,NULL,NULL,,,"REVIEW - new, no sales yet"
23576,P-23576,Chap Ice,008130010128,GROCERY NO TAX,chap lip,,UNIT,6.0,0.0,0.0,2026-08-23,Y,,added only,,,,NULL,NULL,,,"REVIEW - new, no sales yet"
23577,P-23577,Dippity,067545029217,GROCERY NO TAX,,,UNIT,6.0,0.0,0.0,2026-08-23,Y,,added only,,,,NULL,NULL,,,"REVIEW - new, no sales yet"
23580,P-23580,Pall Mall Bold cart.,059300527786,TOBACCO,,,UNIT,119.5,0.0,0.0,2026-08-26,Y,,added only,,,,NULL,NULL,,,"REVIEW - new, no sales yet"
23581,P-23581,Kikkoman Soy Sauce,041390001055,GROCERY,,,UNIT,7.99,0.0,0.0,2026-08-28,Y,,added only,,,,NULL,NULL,,,"REVIEW - new, no sales yet"
